This is pdfTeX, Version 3.141592653-2.6-1.40.25 (TeX Live 2023/Debian) (preloaded format=pdflatex 2026.7.23)  23 JUL 2026 23:50
entering extended mode
 restricted \write18 enabled.
 %&-line parsing enabled.
**refman
(./refman.tex
LaTeX2e <2023-11-01> patch level 1
L3 programming layer <2024-01-22>
(/usr/share/texlive/texmf-dist/tex/generic/iftex/iftex.sty
Package: iftex 2022/02/03 v1.0f TeX engine tests
)
(/usr/share/texlive/texmf-dist/tex/latex/base/article.cls
Document Class: article 2023/05/17 v1.4n Standard LaTeX document class
(/usr/share/texlive/texmf-dist/tex/latex/base/size10.clo
File: size10.clo 2023/05/17 v1.4n Standard LaTeX file (size option)
)
\c@part=\count187
\c@section=\count188
\c@subsection=\count189
\c@subsubsection=\count190
\c@paragraph=\count191
\c@subparagraph=\count192
\c@figure=\count193
\c@table=\count194
\abovecaptionskip=\skip48
\belowcaptionskip=\skip49
\bibindent=\dimen140
)
(/usr/share/texlive/texmf-dist/tex/generic/infwarerr/infwarerr.sty
package info suppressed
)
(./doxygen.sty
Package: doxygen 
 (/usr/share/texlive/texmf-dist/tex/latex/base/alltt.sty
Package: alltt 2021/01/29 v2.0g defines alltt environment
)
(/usr/share/texlive/texmf-dist/tex/latex/tools/array.sty
Package: array 2023/10/16 v2.5g Tabular extension package (FMi)
\col@sep=\dimen141
\ar@mcellbox=\box51
\extrarowheight=\dimen142
\NC@list=\toks17
\extratabsurround=\skip50
\backup@length=\skip51
\ar@cellbox=\box52
)
(/usr/share/texlive/texmf-dist/tex/latex/tools/calc.sty
Package: calc 2023/07/08 v4.3 Infix arithmetic (KKT,FJ)
\calc@Acount=\count195
\calc@Bcount=\count196
\calc@Adimen=\dimen143
\calc@Bdimen=\dimen144
\calc@Askip=\skip52
\calc@Bskip=\skip53
LaTeX Info: Redefining \setlength on input line 80.
LaTeX Info: Redefining \addtolength on input line 81.
\calc@Ccount=\count197
\calc@Cskip=\skip54
)
(/usr/share/texlive/texmf-dist/tex/latex/float/float.sty
Package: float 2001/11/08 v1.3d Float enhancements (AL)
\c@float@type=\count198
\float@exts=\toks18
\float@box=\box53
\@float@everytoks=\toks19
\@floatcapt=\box54
)
(/usr/share/texlive/texmf-dist/tex/latex/base/ifthen.sty
Package: ifthen 2022/04/13 v1.1d Standard LaTeX ifthen package (DPC)
)
(/usr/share/texlive/texmf-dist/tex/latex/tools/verbatim.sty
Package: verbatim 2023-11-06 v1.5v LaTeX2e package for verbatim enhancements
\every@verbatim=\toks20
\verbatim@line=\toks21
\verbatim@in@stream=\read2
)
(/usr/share/texlive/texmf-dist/tex/latex/varwidth/varwidth.sty
Package: varwidth 2009/03/30 ver 0.92;  Variable-width minipages
\@vwid@box=\box55
\sift@deathcycles=\count199
\@vwid@loff=\dimen145
\@vwid@roff=\dimen146
)
(/usr/share/texlive/texmf-dist/tex/latex/xcolor/xcolor.sty
Package: xcolor 2023/11/15 v3.01 LaTeX color extensions (UK)

(/usr/share/texlive/texmf-dist/tex/latex/graphics-cfg/color.cfg
File: color.cfg 2016/01/02 v1.6 sample color configuration
)
Package xcolor Info: Driver file: pdftex.def on input line 274.

(/usr/share/texlive/texmf-dist/tex/latex/graphics-def/pdftex.def
File: pdftex.def 2022/09/22 v1.2b Graphics/color driver for pdftex
)
(/usr/share/texlive/texmf-dist/tex/latex/graphics/mathcolor.ltx)
Package xcolor Info: Model `cmy' substituted by `cmy0' on input line 1350.
Package xcolor Info: Model `hsb' substituted by `rgb' on input line 1354.
Package xcolor Info: Model `RGB' extended on input line 1366.
Package xcolor Info: Model `HTML' substituted by `rgb' on input line 1368.
Package xcolor Info: Model `Hsb' substituted by `hsb' on input line 1369.
Package xcolor Info: Model `tHsb' substituted by `hsb' on input line 1370.
Package xcolor Info: Model `HSB' substituted by `hsb' on input line 1371.
Package xcolor Info: Model `Gray' substituted by `gray' on input line 1372.
Package xcolor Info: Model `wave' substituted by `hsb' on input line 1373.
)
(/usr/share/texlive/texmf-dist/tex/latex/colortbl/colortbl.sty
Package: colortbl 2022/06/20 v1.0f Color table columns (DPC)
\everycr=\toks22
\minrowclearance=\skip55
\rownum=\count266
)
(/usr/share/texlive/texmf-dist/tex/latex/tools/longtable.sty
Package: longtable 2023-11-01 v4.19 Multi-page Table package (DPC)
\LTleft=\skip56
\LTright=\skip57
\LTpre=\skip58
\LTpost=\skip59
\LTchunksize=\count267
\LTcapwidth=\dimen147
\LT@head=\box56
\LT@firsthead=\box57
\LT@foot=\box58
\LT@lastfoot=\box59
\LT@gbox=\box60
\LT@cols=\count268
\LT@rows=\count269
\c@LT@tables=\count270
\c@LT@chunks=\count271
\LT@p@ftn=\toks23
)
(/usr/share/texlive/texmf-dist/tex/latex/xltabular/xltabular.sty
Package: xltabular 2020/11/04 v0.2e `xltabular' package (hv,RN)

(/usr/share/texlive/texmf-dist/tex/latex/tools/tabularx.sty
Package: tabularx 2023/07/08 v2.11c `tabularx' package (DPC)
\TX@col@width=\dimen148
\TX@old@table=\dimen149
\TX@old@col=\dimen150
\TX@target=\dimen151
\TX@delta=\dimen152
\TX@cols=\count272
\TX@ftn=\toks24
)
(/usr/share/texlive/texmf-dist/tex/latex/ltablex/ltablex.sty
Package: ltablex 2014/08/13 v1.1 Modified tabularx
))
(/usr/share/texlive/texmf-dist/tex/latex/tabularray/tabularray.sty
(/usr/share/texlive/texmf-dist/tex/latex/l3kernel/expl3.sty
Package: expl3 2024-01-22 L3 programming layer (loader) 

(/usr/share/texlive/texmf-dist/tex/latex/l3backend/l3backend-pdftex.def
File: l3backend-pdftex.def 2024-01-04 L3 backend support: PDF output (pdfTeX)
\l__color_backend_stack_int=\count273
\l__pdf_internal_box=\box61
))
Package: tabularray 2023-03-01 v2023A Typeset tabulars and arrays with LaTeX3
\l__tblr_a_int=\count274
\l__tblr_c_int=\count275
\l__tblr_r_int=\count276
\l__tblr_d_dim=\dimen153
\l__tblr_h_dim=\dimen154
\l__tblr_o_dim=\dimen155
\l__tblr_p_dim=\dimen156
\l__tblr_q_dim=\dimen157
\l__tblr_r_dim=\dimen158
\l__tblr_s_dim=\dimen159
\l__tblr_t_dim=\dimen160
\l__tblr_v_dim=\dimen161
\l__tblr_w_dim=\dimen162
\l__tblr_a_box=\box62
\l__tblr_b_box=\box63
\l__tblr_c_box=\box64
\l__tblr_d_box=\box65
\g__tblr_table_count_int=\count277
\c@colnum=\count278
\c@rowcount=\count279
\c@colcount=\count280
\abovesep=\dimen163
\belowsep=\dimen164
\leftsep=\dimen165
\rightsep=\dimen166
\g_tblr_level_int=\count281
\g__tblr_data_row_key_count_int=\count282
\g__tblr_data_column_key_count_int=\count283
\g__tblr_data_cell_key_count_int=\count284
\g__tblr_array_int=\count285
\l__tblr_key_count_int=\count286
\l__tblr_key_quotient_int=\count287
\l__tblr_key_quotient_two_int=\count288
\l__tblr_key_remainder_int=\count289
\g__tblr_data_str_value_count_int=\count290
\rulewidth=\dimen167
\l__tblr_strut_dp_dim=\dimen168
\l__tblr_strut_ht_dim=\dimen169
\g__tblr_cell_wd_dim=\dimen170
\g__tblr_cell_ht_dim=\dimen171
\g__tblr_cell_head_dim=\dimen172
\g__tblr_cell_foot_dim=\dimen173
\l__column_target_dim=\dimen174
\l__tblr_caption_box=\box66
\l__tblr_caption_left_box=\box67
\l__tblr_row_head_box=\box68
\l__tblr_row_foot_box=\box69
\l__tblr_row_head_foot_dim=\dimen175
\tablewidth=\dimen176
\l__tblr_table_firsthead_box=\box70
\l__tblr_table_middlehead_box=\box71
\l__tblr_table_lasthead_box=\box72
\l__tblr_table_firstfoot_box=\box73
\l__tblr_table_middlefoot_box=\box74
\l__tblr_table_lastfoot_box=\box75
\l__tblr_remain_height_dim=\dimen177
\l__tblr_long_from_int=\count291
\l__tblr_long_to_int=\count292
\l__tblr_curr_i_int=\count293
\l__tblr_prev_i_int=\count294
\l__tblr_table_page_int=\count295
\l__tblr_table_head_box=\box76
\l__tblr_table_foot_box=\box77
\l__tblr_table_head_foot_dim=\dimen178
\l__tblr_table_head_body_foot_dim=\dimen179
\l__tblr_table_box=\box78
\l__tblr_table_hlines_box=\box79
\l__tblr_hline_box=\box80
\l__tblr_row_box=\box81
\l__tblr_col_o_wd_dim=\dimen180
\l__tblr_col_b_wd_dim=\dimen181
\l__tblr_hline_leftskip_dim=\dimen182
\l__tblr_hline_rightskip_dim=\dimen183
\l__tblr_row_ht_dim=\dimen184
\l__tblr_row_dp_dim=\dimen185
\l__tblr_row_abovesep_dim=\dimen186
\l__tblr_row_belowsep_dim=\dimen187
\l__tblr_row_vlines_box=\box82
\l__tblr_vline_box=\box83
\l__tblr_cell_box=\box84
\l__row_upper_dim=\dimen188
\l__row_lower_dim=\dimen189
\l__row_vpace_dim=\dimen190
\l__tblr_vline_aboveskip_dim=\dimen191
\l__tblr_vline_belowskip_dim=\dimen192
\l__tblr_cell_wd_dim=\dimen193
\l__tblr_cell_ht_dim=\dimen194
\l__tblr_diag_box=\box85
)
\g__doxy_nohyper_int=\count296
\doxytablewidth=\dimen195

(/usr/share/texlive/texmf-dist/tex/latex/fancyvrb/fancyvrb.sty
Package: fancyvrb 2024/01/20 4.5c verbatim text (tvz,hv)

(/usr/share/texlive/texmf-dist/tex/latex/graphics/keyval.sty
Package: keyval 2022/05/29 v1.15 key=value parser (DPC)
\KV@toks@=\toks25
)
\FV@CodeLineNo=\count297
\FV@InFile=\read3
\FV@TabBox=\box86
\c@FancyVerbLine=\count298
\FV@StepNumber=\count299
\FV@OutFile=\write3
)
(/usr/share/texlive/texmf-dist/tex/latex/tools/multicol.sty
Package: multicol 2023/03/30 v1.9f multicolumn formatting (FMi)
\c@tracingmulticols=\count300
\mult@box=\box87
\multicol@leftmargin=\dimen196
\c@unbalance=\count301
\c@collectmore=\count302
\doublecol@number=\count303
\multicoltolerance=\count304
\multicolpretolerance=\count305
\full@width=\dimen197
\page@free=\dimen198
\premulticols=\dimen199
\postmulticols=\dimen256
\multicolsep=\skip60
\multicolbaselineskip=\skip61
\partial@page=\box88
\last@line=\box89
\mc@boxedresult=\box90
\maxbalancingoverflow=\dimen257
\mult@rightbox=\box91
\mult@grightbox=\box92
\mult@firstbox=\box93
\mult@gfirstbox=\box94
\@tempa=\box95
\@tempa=\box96
\@tempa=\box97
\@tempa=\box98
\@tempa=\box99
\@tempa=\box100
\@tempa=\box101
\@tempa=\box102
\@tempa=\box103
\@tempa=\box104
\@tempa=\box105
\@tempa=\box106
\@tempa=\box107
\@tempa=\box108
\@tempa=\box109
\@tempa=\box110
\@tempa=\box111
\@tempa=\box112
\@tempa=\box113
\@tempa=\box114
\@tempa=\box115
\@tempa=\box116
\@tempa=\box117
\@tempa=\box118
\@tempa=\box119
\@tempa=\box120
\@tempa=\box121
\@tempa=\box122
\@tempa=\box123
\@tempa=\box124
\@tempa=\box125
\@tempa=\box126
\@tempa=\box127
\@tempa=\box128
\@tempa=\box129
\@tempa=\box130
\c@minrows=\count306
\c@columnbadness=\count307
\c@finalcolumnbadness=\count308
\last@try=\dimen258
\multicolovershoot=\dimen259
\multicolundershoot=\dimen260
\mult@nat@firstbox=\box131
\colbreak@box=\box132
\mc@col@check@num=\count309
)
(/usr/share/texlive/texmf-dist/tex/latex/multirow/multirow.sty
Package: multirow 2021/03/15 v2.8 Span multiple rows of a table
\multirow@colwidth=\skip62
\multirow@cntb=\count310
\multirow@dima=\skip63
\bigstrutjot=\dimen261
)
(/usr/share/texlive/texmf-dist/tex/latex/hanging/hanging.sty
Package: hanging 2009/09/02 v1.2b hanging paragraphs and punctuation
\h@ngcommawd=\skip64
\h@ngfstopwd=\skip65
\h@ngquotewd=\skip66
\h@ngdquotewd=\skip67
\h@ngquerywd=\skip68
\h@ngexclwd=\skip69
\h@ngcolonwd=\skip70
\h@ngscolonwd=\skip71
)
(/usr/share/texlive/texmf-dist/tex/generic/iftex/ifpdf.sty
Package: ifpdf 2019/10/25 v3.4 ifpdf legacy package. Use iftex instead.
)
(/usr/share/texlive/texmf-dist/tex/latex/adjustbox/adjustbox.sty
Package: adjustbox 2022/10/17 v1.3a Adjusting TeX boxes (trim, clip, ...)

(/usr/share/texlive/texmf-dist/tex/latex/xkeyval/xkeyval.sty
Package: xkeyval 2022/06/16 v2.9 package option processing (HA)

(/usr/share/texlive/texmf-dist/tex/generic/xkeyval/xkeyval.tex
(/usr/share/texlive/texmf-dist/tex/generic/xkeyval/xkvutils.tex
\XKV@toks=\toks26
\XKV@tempa@toks=\toks27
)
\XKV@depth=\count311
File: xkeyval.tex 2014/12/03 v2.7a key=value parser (HA)
))
(/usr/share/texlive/texmf-dist/tex/latex/adjustbox/adjcalc.sty
Package: adjcalc 2012/05/16 v1.1 Provides advanced setlength with multiple back
-ends (calc, etex, pgfmath)
)
(/usr/share/texlive/texmf-dist/tex/latex/adjustbox/trimclip.sty
Package: trimclip 2020/08/19 v1.2 Trim and clip general TeX material

(/usr/share/texlive/texmf-dist/tex/latex/graphics/graphicx.sty
Package: graphicx 2021/09/16 v1.2d Enhanced LaTeX Graphics (DPC,SPQR)

(/usr/share/texlive/texmf-dist/tex/latex/graphics/graphics.sty
Package: graphics 2022/03/10 v1.4e Standard LaTeX Graphics (DPC,SPQR)

(/usr/share/texlive/texmf-dist/tex/latex/graphics/trig.sty
Package: trig 2021/08/11 v1.11 sin cos tan (DPC)
)
(/usr/share/texlive/texmf-dist/tex/latex/graphics-cfg/graphics.cfg
File: graphics.cfg 2016/06/04 v1.11 sample graphics configuration
)
Package graphics Info: Driver file: pdftex.def on input line 107.
)
\Gin@req@height=\dimen262
\Gin@req@width=\dimen263
)
(/usr/share/texlive/texmf-dist/tex/latex/collectbox/collectbox.sty
Package: collectbox 2022/10/17 v0.4c Collect macro arguments as boxes
\collectedbox=\box133
)
\tc@llx=\dimen264
\tc@lly=\dimen265
\tc@urx=\dimen266
\tc@ury=\dimen267
Package trimclip Info: Using driver 'tc-pdftex.def'.

(/usr/share/texlive/texmf-dist/tex/latex/adjustbox/tc-pdftex.def
File: tc-pdftex.def 2019/01/04 v2.2 Clipping driver for pdftex
))
\adjbox@Width=\dimen268
\adjbox@Height=\dimen269
\adjbox@Depth=\dimen270
\adjbox@Totalheight=\dimen271
\adjbox@pwidth=\dimen272
\adjbox@pheight=\dimen273
\adjbox@pdepth=\dimen274
\adjbox@ptotalheight=\dimen275

(/usr/share/texlive/texmf-dist/tex/latex/ifoddpage/ifoddpage.sty
Package: ifoddpage 2022/10/18 v1.2 Conditionals for odd/even page detection
\c@checkoddpage=\count312
))
(/usr/share/texlive/texmf-dist/tex/latex/amsfonts/amssymb.sty
Package: amssymb 2013/01/14 v3.01 AMS font symbols

(/usr/share/texlive/texmf-dist/tex/latex/amsfonts/amsfonts.sty
Package: amsfonts 2013/01/14 v3.01 Basic AMSFonts support
\@emptytoks=\toks28
\symAMSa=\mathgroup4
\symAMSb=\mathgroup5
LaTeX Font Info:    Redeclaring math symbol \hbar on input line 98.
LaTeX Font Info:    Overwriting math alphabet `\mathfrak' in version `bold'
(Font)                  U/euf/m/n --> U/euf/b/n on input line 106.
))
(/usr/share/texlive/texmf-dist/tex/latex/stackengine/stackengine.sty
Package: stackengine 2021/07/22 v4.11\ Stacking text and objects in convenient 
ways

(/usr/share/texlive/texmf-dist/tex/latex/etoolbox/etoolbox.sty
Package: etoolbox 2020/10/05 v2.5k e-TeX tools for LaTeX (JAW)
\etb@tempcnta=\count313
)
(/usr/share/texlive/texmf-dist/tex/generic/listofitems/listofitems.sty
(/usr/share/texlive/texmf-dist/tex/generic/listofitems/listofitems.tex
\loi_cnt_foreach_nest=\count314
\loi_nestcnt=\count315
)
Package: listofitems 2019/08/21 v1.63 Grab items in lists using user-specified 
sep char (CT)
)
\c@@stackindex=\count316
\@boxshift=\skip72
\stack@tmplength=\skip73
\temp@stkl=\skip74
\@stackedboxwidth=\skip75
\@addedbox=\box134
\@anchorbox=\box135
\@insetbox=\box136
\se@backgroundbox=\box137
\stackedbox=\box138
\@centerbox=\box139
\c@ROWcellindex@=\count317
)
(/usr/share/texlive/texmf-dist/tex/latex/enumitem/enumitem.sty
Package: enumitem 2019/06/20 v3.9 Customized lists
\labelindent=\skip76
\enit@outerparindent=\dimen276
\enit@toks=\toks29
\enit@inbox=\box140
\enit@count@id=\count318
\enitdp@description=\count319
)
(/usr/share/texlive/texmf-dist/tex/generic/alphalph/alphalph.sty
Package: alphalph 2019/12/09 v2.6 Convert numbers to letters (HO)

(/usr/share/texlive/texmf-dist/tex/generic/intcalc/intcalc.sty
Package: intcalc 2019/12/15 v1.3 Expandable calculations with integers (HO)
))
(/usr/share/texlive/texmf-dist/tex/generic/ulem/ulem.sty
\UL@box=\box141
\UL@hyphenbox=\box142
\UL@skip=\skip77
\UL@hook=\toks30
\UL@height=\dimen277
\UL@pe=\count320
\UL@pixel=\dimen278
\ULC@box=\box143
Package: ulem 2019/11/18
\ULdepth=\dimen279
)
\xrefbox=\box144
\xreflength=\skip78
\CodeWidthChar=\skip79
\CodeHeightChar=\skip80
\DoxyCodeWidth=\skip81
\ttcharwidth=\skip82
\c@DoxyEnumeratei=\count321
\c@DoxyEnumerateii=\count322
\c@DoxyEnumerateiii=\count323
\c@DoxyEnumerateiv=\count324
\c@DoxyEnumeratev=\count325
\c@DoxyEnumeratevi=\count326
\c@DoxyEnumeratevii=\count327
\c@DoxyEnumerateviii=\count328
\c@DoxyEnumerateix=\count329
\c@DoxyEnumeratex=\count330
\c@DoxyEnumeratexi=\count331
\c@DoxyEnumeratexii=\count332
\enitdp@DoxyEnumerate=\count333
\enitdp@DoxyItemize=\count334
\doxymboxbox=\box145
\doxymboxlength=\skip83
\c@subsubsubsection=\count335
\c@subsubsubsubsection=\count336
\c@subsubsubsubsubsection=\count337
\c@subsubsubsubsubsubsection=\count338
)
(./extra_style.tex.sty
   defining Unicode char U+221E (decimal 8734)
   defining Unicode char U+2211 (decimal 8721)
   defining Unicode char U+1D40 (decimal 7488)
   defining Unicode char U+2096 (decimal 8342)
)
(/usr/share/texlive/texmf-dist/tex/latex/base/inputenc.sty
Package: inputenc 2021/02/14 v1.3d Input encoding file
\inpenc@prehook=\toks31
\inpenc@posthook=\toks32
)
(/usr/share/texlive/texmf-dist/tex/latex/base/makeidx.sty
Package: makeidx 2021/10/04 v1.0m Standard LaTeX package
)
(/usr/share/texlive/texmf-dist/tex/latex/base/textcomp.sty
Package: textcomp 2020/02/02 v2.0n Standard LaTeX package
)
(/usr/share/texlive/texmf-dist/tex/latex/wasysym/wasysym.sty
Package: wasysym 2020/01/19 v2.4 Wasy-2 symbol support package
\symwasy=\mathgroup6
LaTeX Font Info:    Overwriting symbol font `wasy' in version `bold'
(Font)                  U/wasy/m/n --> U/wasy/b/n on input line 93.
)
(/usr/share/texlive/texmf-dist/tex/generic/iftex/ifxetex.sty
Package: ifxetex 2019/10/25 v0.7 ifxetex legacy package. Use iftex instead.
)
(/usr/share/texlive/texmf-dist/tex/latex/base/fontenc.sty
Package: fontenc 2021/04/29 v2.0v Standard LaTeX package
)
(/usr/share/texlive/texmf-dist/tex/latex/psnfss/helvet.sty
Package: helvet 2020/03/25 PSNFSS-v9.3 (WaS) 
)
(/usr/share/texlive/texmf-dist/tex/latex/psnfss/courier.sty
Package: courier 2020/03/25 PSNFSS-v9.3 (WaS) 
)
(/usr/share/texlive/texmf-dist/tex/latex/geometry/geometry.sty
Package: geometry 2020/01/02 v5.9 Page Geometry

(/usr/share/texlive/texmf-dist/tex/generic/iftex/ifvtex.sty
Package: ifvtex 2019/10/25 v1.7 ifvtex legacy package. Use iftex instead.
)
\Gm@cnth=\count339
\Gm@cntv=\count340
\c@Gm@tempcnt=\count341
\Gm@bindingoffset=\dimen280
\Gm@wd@mp=\dimen281
\Gm@odd@mp=\dimen282
\Gm@even@mp=\dimen283
\Gm@layoutwidth=\dimen284
\Gm@layoutheight=\dimen285
\Gm@layouthoffset=\dimen286
\Gm@layoutvoffset=\dimen287
\Gm@dimlist=\toks33
)
(/usr/share/texlive/texmf-dist/tex/latex/changepage/changepage.sty
Package: changepage 2009/10/20 v1.0c check page and change page layout
\c@cp@cntr=\count342
\cp@tempcnt=\count343
LaTeX Info: Redefining \checkoddpage on input line 59.
)
(/usr/share/texlive/texmf-dist/tex/latex/fancyhdr/fancyhdr.sty
Package: fancyhdr 2022/11/09 v4.1 Extensive control of page headers and footers

\f@nch@headwidth=\skip84
\f@nch@O@elh=\skip85
\f@nch@O@erh=\skip86
\f@nch@O@olh=\skip87
\f@nch@O@orh=\skip88
\f@nch@O@elf=\skip89
\f@nch@O@erf=\skip90
\f@nch@O@olf=\skip91
\f@nch@O@orf=\skip92
)
(/usr/share/texlive/texmf-dist/tex/latex/natbib/natbib.sty
Package: natbib 2010/09/13 8.31b (PWD, AO)
\bibhang=\skip93
\bibsep=\skip94
LaTeX Info: Redefining \cite on input line 694.
\c@NAT@ctr=\count344
)
(/usr/share/texlive/texmf-dist/tex/latex/tocloft/tocloft.sty
Package: tocloft 2017/08/31 v2.3i parameterised ToC, etc., typesetting
Package tocloft Info: The document has section divisions on input line 51.
\cftparskip=\skip95
\cftbeforetoctitleskip=\skip96
\cftaftertoctitleskip=\skip97
\cftbeforepartskip=\skip98
\cftpartnumwidth=\skip99
\cftpartindent=\skip100
\cftbeforesecskip=\skip101
\cftsecindent=\skip102
\cftsecnumwidth=\skip103
\cftbeforesubsecskip=\skip104
\cftsubsecindent=\skip105
\cftsubsecnumwidth=\skip106
\cftbeforesubsubsecskip=\skip107
\cftsubsubsecindent=\skip108
\cftsubsubsecnumwidth=\skip109
\cftbeforeparaskip=\skip110
\cftparaindent=\skip111
\cftparanumwidth=\skip112
\cftbeforesubparaskip=\skip113
\cftsubparaindent=\skip114
\cftsubparanumwidth=\skip115
\cftbeforeloftitleskip=\skip116
\cftafterloftitleskip=\skip117
\cftbeforefigskip=\skip118
\cftfigindent=\skip119
\cftfignumwidth=\skip120
\c@lofdepth=\count345
\c@lotdepth=\count346
\cftbeforelottitleskip=\skip121
\cftafterlottitleskip=\skip122
\cftbeforetabskip=\skip123
\cfttabindent=\skip124
\cfttabnumwidth=\skip125
)
\@indexfile=\write4
\openout4 = `refman.idx'.


Writing index file refman.idx
(/usr/share/texlive/texmf-dist/tex/latex/newunicodechar/newunicodechar.sty
Package: newunicodechar 2018/04/08 v1.2 Defining Unicode characters
)
(/usr/share/texlive/texmf-dist/tex/latex/hyperref/hyperref.sty
Package: hyperref 2024-01-20 v7.01h Hypertext links for LaTeX

(/usr/share/texlive/texmf-dist/tex/latex/kvsetkeys/kvsetkeys.sty
Package: kvsetkeys 2022-10-05 v1.19 Key value parser (HO)
)
(/usr/share/texlive/texmf-dist/tex/generic/kvdefinekeys/kvdefinekeys.sty
Package: kvdefinekeys 2019-12-19 v1.6 Define keys (HO)
)
(/usr/share/texlive/texmf-dist/tex/generic/pdfescape/pdfescape.sty
Package: pdfescape 2019/12/09 v1.15 Implements pdfTeX's escape features (HO)

(/usr/share/texlive/texmf-dist/tex/generic/ltxcmds/ltxcmds.sty
Package: ltxcmds 2023-12-04 v1.26 LaTeX kernel commands for general use (HO)
)
(/usr/share/texlive/texmf-dist/tex/generic/pdftexcmds/pdftexcmds.sty
Package: pdftexcmds 2020-06-27 v0.33 Utility functions of pdfTeX for LuaTeX (HO
)
Package pdftexcmds Info: \pdf@primitive is available.
Package pdftexcmds Info: \pdf@ifprimitive is available.
Package pdftexcmds Info: \pdfdraftmode found.
))
(/usr/share/texlive/texmf-dist/tex/latex/hycolor/hycolor.sty
Package: hycolor 2020-01-27 v1.10 Color options for hyperref/bookmark (HO)
)
(/usr/share/texlive/texmf-dist/tex/latex/auxhook/auxhook.sty
Package: auxhook 2019-12-17 v1.6 Hooks for auxiliary files (HO)
)
(/usr/share/texlive/texmf-dist/tex/latex/hyperref/nameref.sty
Package: nameref 2023-11-26 v2.56 Cross-referencing by name of section

(/usr/share/texlive/texmf-dist/tex/latex/refcount/refcount.sty
Package: refcount 2019/12/15 v3.6 Data extraction from label references (HO)
)
(/usr/share/texlive/texmf-dist/tex/generic/gettitlestring/gettitlestring.sty
Package: gettitlestring 2019/12/15 v1.6 Cleanup title references (HO)

(/usr/share/texlive/texmf-dist/tex/latex/kvoptions/kvoptions.sty
Package: kvoptions 2022-06-15 v3.15 Key value format for package options (HO)
))
\c@section@level=\count347
)
\@linkdim=\dimen288
\Hy@linkcounter=\count348
\Hy@pagecounter=\count349

(/usr/share/texlive/texmf-dist/tex/latex/hyperref/pd1enc.def
File: pd1enc.def 2024-01-20 v7.01h Hyperref: PDFDocEncoding definition (HO)
Now handling font encoding PD1 ...
... no UTF-8 mapping file for font encoding PD1
)
\Hy@SavedSpaceFactor=\count350

(/usr/share/texlive/texmf-dist/tex/latex/hyperref/puenc.def
File: puenc.def 2024-01-20 v7.01h Hyperref: PDF Unicode definition (HO)
Now handling font encoding PU ...
... no UTF-8 mapping file for font encoding PU
)
Package hyperref Info: Hyper figures OFF on input line 4179.
Package hyperref Info: Link nesting OFF on input line 4184.
Package hyperref Info: Hyper index ON on input line 4187.
Package hyperref Info: Plain pages OFF on input line 4194.
Package hyperref Info: Backreferencing ON on input line 4197.
Package hyperref Info: Implicit mode ON; LaTeX internals redefined.
Package hyperref Info: Bookmarks ON on input line 4446.

(/usr/share/texlive/texmf-dist/tex/latex/hyperref/backref.sty
Package: backref 2023-11-26 v1.44 Bibliographical back referencing

(/usr/share/texlive/texmf-dist/tex/latex/rerunfilecheck/rerunfilecheck.sty
Package: rerunfilecheck 2022-07-10 v1.10 Rerun checks for auxiliary files (HO)

(/usr/share/texlive/texmf-dist/tex/latex/base/atveryend-ltx.sty
Package: atveryend-ltx 2020/08/19 v1.0a Emulation of the original atveryend pac
kage
with kernel methods
)
(/usr/share/texlive/texmf-dist/tex/generic/uniquecounter/uniquecounter.sty
Package: uniquecounter 2019/12/15 v1.4 Provide unlimited unique counter (HO)

(/usr/share/texlive/texmf-dist/tex/generic/bigintcalc/bigintcalc.sty
Package: bigintcalc 2019/12/15 v1.5 Expandable calculations on big integers (HO
)
))
Package uniquecounter Info: New unique counter `rerunfilecheck' on input line 2
85.
))
\c@Hy@tempcnt=\count351

(/usr/share/texlive/texmf-dist/tex/latex/url/url.sty
\Urlmuskip=\muskip16
Package: url 2013/09/16  ver 3.4  Verb mode for urls, etc.
)
LaTeX Info: Redefining \url on input line 4784.
\XeTeXLinkMargin=\dimen289

(/usr/share/texlive/texmf-dist/tex/generic/bitset/bitset.sty
Package: bitset 2019/12/09 v1.3 Handle bit-vector datatype (HO)
)
\Fld@menulength=\count352
\Field@Width=\dimen290
\Fld@charsize=\dimen291
Package hyperref Info: Hyper figures OFF on input line 6063.
Package hyperref Info: Link nesting OFF on input line 6068.
Package hyperref Info: Hyper index ON on input line 6071.
Package hyperref Info: backreferencing ON on input line 6076.
Package hyperref Info: Link coloring OFF on input line 6083.
Package hyperref Info: Link coloring with OCG OFF on input line 6088.
Package hyperref Info: PDF/A mode OFF on input line 6093.

(/usr/share/texlive/texmf-dist/tex/latex/base/atbegshi-ltx.sty
Package: atbegshi-ltx 2021/01/10 v1.0c Emulation of the original atbegshi
package with kernel methods
)
\Hy@abspage=\count353
\c@Item=\count354
\c@Hfootnote=\count355
)
Package hyperref Info: Driver: hpdftex.

(/usr/share/texlive/texmf-dist/tex/latex/hyperref/hpdftex.def
File: hpdftex.def 2024-01-20 v7.01h Hyperref driver for pdfTeX
\Fld@listcount=\count356
\c@bookmark@seq@number=\count357
\Hy@SectionHShift=\skip126
)
Package hyperref Info: Option `colorlinks' set `true' on input line 177.
Package hyperref Info: Option `unicode' set `true' on input line 177.

(/usr/share/texlive/texmf-dist/tex/latex/caption/caption.sty
Package: caption 2023/08/05 v3.6o Customizing captions (AR)

(/usr/share/texlive/texmf-dist/tex/latex/caption/caption3.sty
Package: caption3 2023/07/31 v2.4d caption3 kernel (AR)
\caption@tempdima=\dimen292
\captionmargin=\dimen293
\caption@leftmargin=\dimen294
\caption@rightmargin=\dimen295
\caption@width=\dimen296
\caption@indent=\dimen297
\caption@parindent=\dimen298
\caption@hangindent=\dimen299
Package caption Info: Standard document class detected.
)
\c@caption@flags=\count358
\c@continuedfloat=\count359
Package caption Info: changepage package is loaded.
\caption@adjustwidth@hsize=\dimen300
\caption@adjustwidth@linewidth=\dimen301
Package caption Info: float package is loaded.
Package caption Info: hyperref package is loaded.
Package caption Info: longtable package is loaded.

(/usr/share/texlive/texmf-dist/tex/latex/caption/ltcaption.sty
Package: ltcaption 2021/01/08 v1.4c longtable captions (AR)
))
(/usr/share/texlive/texmf-dist/tex/latex/etoc/etoc.sty
Package: etoc 2023/10/29 v1.2d Completely customisable TOCs (JFB)
\Etoc@toctoks=\toks34
\c@etoc@tocid=\count360
\etoc@framed@titlebox=\box146
\etoc@framed@contentsbox=\box147
)
LaTeX Font Info:    Trying to load font information for T1+phv on input line 19
9.

(/usr/share/texlive/texmf-dist/tex/latex/psnfss/t1phv.fd
File: t1phv.fd 2020/03/25 scalable font definitions for T1/phv.
)
LaTeX Font Info:    Font shape `T1/phv/m/n' will be
(Font)              scaled to size 8.99994pt on input line 199.
 (./refman.aux)
\openout1 = `refman.aux'.

LaTeX Font Info:    Checking defaults for OML/cmm/m/it on input line 199.
LaTeX Font Info:    ... okay on input line 199.
LaTeX Font Info:    Checking defaults for OMS/cmsy/m/n on input line 199.
LaTeX Font Info:    ... okay on input line 199.
LaTeX Font Info:    Checking defaults for OT1/cmr/m/n on input line 199.
LaTeX Font Info:    ... okay on input line 199.
LaTeX Font Info:    Checking defaults for T1/cmr/m/n on input line 199.
LaTeX Font Info:    ... okay on input line 199.
LaTeX Font Info:    Checking defaults for TS1/cmr/m/n on input line 199.
LaTeX Font Info:    ... okay on input line 199.
LaTeX Font Info:    Checking defaults for OMX/cmex/m/n on input line 199.
LaTeX Font Info:    ... okay on input line 199.
LaTeX Font Info:    Checking defaults for U/cmr/m/n on input line 199.
LaTeX Font Info:    ... okay on input line 199.
LaTeX Font Info:    Checking defaults for PD1/pdf/m/n on input line 199.
LaTeX Font Info:    ... okay on input line 199.
LaTeX Font Info:    Checking defaults for PU/pdf/m/n on input line 199.
LaTeX Font Info:    ... okay on input line 199.

(/usr/share/texlive/texmf-dist/tex/context/base/mkii/supp-pdf.mkii
[Loading MPS to PDF converter (version 2006.09.02).]
\scratchcounter=\count361
\scratchdimen=\dimen302
\scratchbox=\box148
\nofMPsegments=\count362
\nofMParguments=\count363
\everyMPshowfont=\toks35
\MPscratchCnt=\count364
\MPscratchDim=\dimen303
\MPnumerator=\count365
\makeMPintoPDFobject=\count366
\everyMPtoPDFconversion=\toks36
) (/usr/share/texlive/texmf-dist/tex/latex/epstopdf-pkg/epstopdf-base.sty
Package: epstopdf-base 2020-01-24 v2.11 Base part for package epstopdf
Package epstopdf-base Info: Redefining graphics rule for `.eps' on input line 4
85.

(/usr/share/texlive/texmf-dist/tex/latex/latexconfig/epstopdf-sys.cfg
File: epstopdf-sys.cfg 2010/07/13 v1.3 Configuration of (r)epstopdf for TeX Liv
e
))
(/usr/share/texlive/texmf-dist/tex/latex/ninecolors/ninecolors.sty
Package: ninecolors 2022-02-13 v2022D Select colors with proper color contrast

(/usr/share/texlive/texmf-dist/tex/latex/l3packages/xparse/xparse.sty
Package: xparse 2023-10-10 L3 Experimental document command parser
))
*geometry* driver: auto-detecting
*geometry* detected driver: pdftex
*geometry* verbose mode - [ preamble ] result:
* driver: pdftex
* paper: a4paper
* layout: <same size as paper>
* layoutoffset:(h,v)=(0.0pt,0.0pt)
* modes: twoside 
* h-part:(L,W,R)=(71.13188pt, 455.24411pt, 71.13188pt)
* v-part:(T,H,B)=(71.13188pt, 702.78308pt, 71.13188pt)
* \paperwidth=597.50787pt
* \paperheight=845.04684pt
* \textwidth=455.24411pt
* \textheight=702.78308pt
* \oddsidemargin=-1.1381pt
* \evensidemargin=-1.1381pt
* \topmargin=-38.1381pt
* \headheight=12.0pt
* \headsep=25.0pt
* \topskip=10.0pt
* \footskip=30.0pt
* \marginparwidth=121.0pt
* \marginparsep=11.0pt
* \columnsep=10.0pt
* \skip\footins=9.0pt plus 4.0pt minus 2.0pt
* \hoffset=0.0pt
* \voffset=0.0pt
* \mag=1000
* \@twocolumnfalse
* \@twosidetrue
* \@mparswitchtrue
* \@reversemarginfalse
* (1in=72.27pt=25.4mm, 1cm=28.453pt)

Package backref Info: ** backref set up for natbib ** on input line 199.
Package hyperref Info: Link coloring ON on input line 199.
(./refman.out) (./refman.out)
\@outlinefile=\write5
\openout5 = `refman.out'.

Package caption Info: Begin \AtBeginDocument code.
Package caption Info: End \AtBeginDocument code.
\Etoc@tf=\read4
Package hyperref Info: Option `pageanchor' set `false' on input line 207.
Package hyperref Info: Option `bookmarksnumbered' set `true' on input line 207.

Package hyperref Info: Option `unicode' set `true' on input line 207.
LaTeX Font Info:    Font shape `T1/phv/m/n' will be
(Font)              scaled to size 12.9599pt on input line 212.
LaTeX Font Info:    Font shape `T1/phv/m/n' will be
(Font)              scaled to size 10.79993pt on input line 214.
 [1

{/var/lib/texmf/fonts/map/pdftex/updmap/pdftex.map}{/usr/share/texlive/texmf-di
st/fonts/enc/dvips/base/8r.enc}]
\tf@toc=\write6
\openout6 = `refman.toc'.

LaTeX Font Info:    Font shape `T1/phv/b/n' will be
(Font)              scaled to size 8.99994pt on input line 219.
LaTeX Font Info:    Trying to load font information for U+msa on input line 219
.

(/usr/share/texlive/texmf-dist/tex/latex/amsfonts/umsa.fd
File: umsa.fd 2013/01/14 v3.01 AMS symbols A
)
LaTeX Font Info:    Trying to load font information for U+msb on input line 219
.

(/usr/share/texlive/texmf-dist/tex/latex/amsfonts/umsb.fd
File: umsb.fd 2013/01/14 v3.01 AMS symbols B
)
LaTeX Font Info:    Trying to load font information for U+wasy on input line 21
9.

(/usr/share/texlive/texmf-dist/tex/latex/wasysym/uwasy.fd
File: uwasy.fd 2020/01/19 v2.4 Wasy-2 symbol font definitions
)
LaTeX Font Info:    Font shape `T1/phv/m/n' will be
(Font)              scaled to size 6.29996pt on input line 219.
LaTeX Font Info:    Font shape `T1/phv/b/n' will be
(Font)              scaled to size 6.29996pt on input line 219.
 [1] [2] [3] [4]
[5] [6] [7] [8]
Package hyperref Info: Option `pageanchor' set `true' on input line 221.
 (./md_README.tex [1]
LaTeX Font Info:    Font shape `T1/phv/b/n' will be
(Font)              scaled to size 12.9599pt on input line 1.
LaTeX Font Info:    Trying to load font information for T1+pcr on input line 9.


(/usr/share/texlive/texmf-dist/tex/latex/psnfss/t1pcr.fd
File: t1pcr.fd 2001/06/04 font definitions for T1/pcr.
)
LaTeX Font Info:    Font shape `T1/phv/b/n' will be
(Font)              scaled to size 10.79993pt on input line 11.
LaTeX Font Info:    Trying to load font information for TS1+phv on input line 1
2.

(/usr/share/texlive/texmf-dist/tex/latex/psnfss/ts1phv.fd
File: ts1phv.fd 2020/03/25 scalable font definitions for TS1/phv.
)
LaTeX Font Info:    Font shape `TS1/phv/m/n' will be
(Font)              scaled to size 8.99994pt on input line 12.

Underfull \hbox (badness 10000) in paragraph at lines 33--34

 []


Underfull \hbox (badness 10000) in paragraph at lines 48--49

 []

[2]) (./hierarchy.tex [3] [4] [5] [6]) (./annotated.tex [7] [8]
LaTeX Font Info:    Font shape `TS1/phv/b/n' will be
(Font)              scaled to size 8.99994pt on input line 64.
 [9])
(./namespaceVDB.tex [10]
LaTeX Font Info:    Font shape `T1/phv/m/n' will be
(Font)              scaled to size 7.19995pt on input line 21.
LaTeX Font Info:    Font shape `T1/pcr/m/it' in size <8> not available
(Font)              Font shape `T1/pcr/m/sl' tried instead on input line 22.
> Step: init table outer spec.
> Step: parse table options.
> Step: split table.
> Step: init table inner spec.
> Step: parse table inner spec.
> Step: execute table commands.
> Step: calculate cell and line sizes.
LaTeX Font Info:    Font shape `T1/phv/m/it' in size <10> not available
(Font)              Font shape `T1/phv/m/sl' tried instead on input line 28.
LaTeX Font Info:    Font shape `T1/phv/m/sl' will be
(Font)              scaled to size 8.99994pt on input line 28.
> Step: build the whole table.
> Step: init table outer spec.
> Step: parse table options.
> Step: split table.
> Step: init table inner spec.
> Step: parse table inner spec.
> Step: execute table commands.
> Step: calculate cell and line sizes.
> Step: build the whole table.
LaTeX Font Info:    Font shape `T1/phv/bc/n' will be
(Font)              scaled to size 8.99994pt on input line 35.

Underfull \hbox (badness 10000) detected at line 35
[][][]
 []

) (./classVDP_1_1AbstractDevice.tex [11]
> Step: init table outer spec.
> Step: parse table options.
> Step: split table.
> Step: init table inner spec.
> Step: parse table inner spec.
> Step: execute table commands.
> Step: calculate cell and line sizes.
> Step: build the whole table.
> Step: init table outer spec.
> Step: parse table options.
> Step: split table.
> Step: init table inner spec.
> Step: parse table inner spec.
> Step: execute table commands.
> Step: calculate cell and line sizes.
> Step: build the whole table.
> Step: init table outer spec.
> Step: parse table options.
> Step: split table.
> Step: init table inner spec.
> Step: parse table inner spec.
> Step: execute table commands.
> Step: calculate cell and line sizes.
> Step: build the whole table.
> Step: init table outer spec.
> Step: parse table options.
> Step: split table.
> Step: init table inner spec.
> Step: parse table inner spec.
> Step: execute table commands.
> Step: calculate cell and line sizes.
> Step: build the whole table.

Underfull \hbox (badness 10000) detected at line 57
[][][]
 []

) (./classAsync.tex [12]) (./classAutoChooser.tex
Package epstopdf Info: Source file: <classAutoChooser.eps>
(epstopdf)                    date: 2026-07-23 23:44:35
(epstopdf)                    size: 3788 bytes
(epstopdf)             Output file: <classAutoChooser-eps-converted-to.pdf>
(epstopdf)                    date: 2026-07-23 23:44:37
(epstopdf)                    size: 5358 bytes
(epstopdf)             Command: <repstopdf --outfile=classAutoChooser-eps-conve
rted-to.pdf classAutoChooser.eps>
(epstopdf)             \includegraphics on input line 10.
Package epstopdf Info: Output file is already uptodate.
 <./classAutoChooser-eps-converted-to.pdf>
<classAutoChooser-eps-converted-to.pdf, id=2599, 501.875pt x 427.12573pt>
File: classAutoChooser-eps-converted-to.pdf Graphic file (type pdf)
<use classAutoChooser-eps-converted-to.pdf>
Package pdftex.def Info: classAutoChooser-eps-converted-to.pdf  used on input l
ine 10.
(pdftex.def)             Requested size: 66.86186pt x 56.9055pt.
 [13]
> Step: init table outer spec.
> Step: parse table options.
> Step: split table.
> Step: init table inner spec.
> Step: parse table inner spec.
> Step: execute table commands.
> Step: calculate cell and line sizes.
> Step: build the whole table.
> Step: init table outer spec.
> Step: parse table options.
> Step: split table.
> Step: init table inner spec.
> Step: parse table inner spec.
> Step: execute table commands.
> Step: calculate cell and line sizes.
> Step: build the whole table.

Underfull \hbox (badness 10000) detected at line 62
[][][]
 []

) (./classBasicSolenoidSet.tex
LaTeX Font Info:    Font shape `T1/phv/m/n' will be
(Font)              scaled to size 8.09995pt on input line 11.
LaTeX Font Info:    Font shape `T1/phv/m/it' in size <9> not available
(Font)              Font shape `T1/phv/m/sl' tried instead on input line 11.
LaTeX Font Info:    Font shape `T1/phv/m/sl' will be
(Font)              scaled to size 8.09995pt on input line 11.
LaTeX Font Info:    Font shape `T1/phv/m/it' in size <7> not available
(Font)              Font shape `T1/phv/m/sl' tried instead on input line 11.
LaTeX Font Info:    Font shape `T1/phv/m/sl' will be
(Font)              scaled to size 6.29996pt on input line 11.
 [14]
> Step: init table outer spec.
> Step: parse table options.
> Step: split table.
> Step: init table inner spec.
> Step: parse table inner spec.
> Step: execute table commands.
> Step: calculate cell and line sizes.
> Step: build the whole table.
> Step: init table outer spec.
> Step: parse table options.
> Step: split table.
> Step: init table inner spec.
> Step: parse table inner spec.
> Step: execute table commands.
> Step: calculate cell and line sizes.
> Step: build the whole table.

Underfull \hbox (badness 10000) detected at line 54
[][][]
 []

) (./classBasicSpinCommand.tex [15]
> Step: init table outer spec.
> Step: parse table options.
> Step: split table.
> Step: init table inner spec.
> Step: parse table inner spec.
> Step: execute table commands.
> Step: calculate cell and line sizes.
> Step: build the whole table.
> Step: init table outer spec.
> Step: parse table options.
> Step: split table.
> Step: init table inner spec.
> Step: parse table inner spec.
> Step: execute table commands.
> Step: calculate cell and line sizes.
> Step: build the whole table.

Underfull \hbox (badness 10000) detected at line 70
[][][]
 []

[16]) (./classBasicStopCommand.tex
> Step: init table outer spec.
> Step: parse table options.
> Step: split table.
> Step: init table inner spec.
> Step: parse table inner spec.
> Step: execute table commands.
> Step: calculate cell and line sizes.
> Step: build the whole table.
> Step: init table outer spec.
> Step: parse table options.
> Step: split table.
> Step: init table inner spec.
> Step: parse table inner spec.
> Step: execute table commands.
> Step: calculate cell and line sizes.
> Step: build the whole table.
 [17]
Underfull \hbox (badness 10000) detected at line 62
[][][]
 []

) (./classBranch.tex) (./classscreen_1_1ButtonWidget.tex [18]
LaTeX Font Info:    Font shape `T1/phv/b/n' will be
(Font)              scaled to size 7.19995pt on input line 34.
> Step: init table outer spec.
> Step: parse table options.
> Step: split table.
> Step: init table inner spec.
> Step: parse table inner spec.
> Step: execute table commands.
> Step: calculate cell and line sizes.
> Step: build the whole table.
> Step: init table outer spec.
> Step: parse table options.
> Step: split table.
> Step: init table inner spec.
> Step: parse table inner spec.
> Step: execute table commands.
> Step: calculate cell and line sizes.
> Step: build the whole table.
> Step: init table outer spec.
> Step: parse table options.
> Step: split table.
> Step: init table inner spec.
> Step: parse table inner spec.
> Step: execute table commands.
> Step: calculate cell and line sizes.
> Step: build the whole table.
> Step: init table outer spec.
> Step: parse table options.
> Step: split table.
> Step: init table inner spec.
> Step: parse table inner spec.
> Step: execute table commands.
> Step: calculate cell and line sizes.
> Step: build the whole table.
 [19]
LaTeX Font Info:    Font shape `T1/pcr/m/it' in size <7> not available
(Font)              Font shape `T1/pcr/m/sl' tried instead on input line 79.
> Step: init table outer spec.
> Step: parse table options.
> Step: split table.
> Step: init table inner spec.
> Step: parse table inner spec.
> Step: execute table commands.
> Step: calculate cell and line sizes.
> Step: build the whole table.
> Step: init table outer spec.
> Step: parse table options.
> Step: split table.
> Step: init table inner spec.
> Step: parse table inner spec.
> Step: execute table commands.
> Step: calculate cell and line sizes.
> Step: build the whole table.

Underfull \hbox (badness 10000) detected at line 94
[][][]
 []

) (./classCommandController.tex [20]
> Step: init table outer spec.
> Step: parse table options.
> Step: split table.
> Step: init table inner spec.
> Step: parse table inner spec.
> Step: execute table commands.
> Step: calculate cell and line sizes.
> Step: build the whole table.
> Step: init table outer spec.
> Step: parse table options.
> Step: split table.
> Step: init table inner spec.
> Step: parse table inner spec.
> Step: execute table commands.
> Step: calculate cell and line sizes.
> Step: build the whole table.
> Step: init table outer spec.
> Step: parse table options.
> Step: split table.
> Step: init table inner spec.
> Step: parse table inner spec.
> Step: execute table commands.
> Step: calculate cell and line sizes.


Package tabularray Warning: Table width is too small, need 57.13339pt more!

> Step: build the whole table.
> Step: init table outer spec.
> Step: parse table options.
> Step: split table.
> Step: init table inner spec.
> Step: parse table inner spec.
> Step: execute table commands.
> Step: calculate cell and line sizes.
> Step: build the whole table.
> Step: init table outer spec.
> Step: parse table options.
> Step: split table.
> Step: init table inner spec.
> Step: parse table inner spec.
> Step: execute table commands.
> Step: calculate cell and line sizes.

Package tabularray Warning: Table width is too small, need 212.31848pt more!

> Step: build the whole table.
> Step: init table outer spec.
> Step: parse table options.
> Step: split table.
> Step: init table inner spec.
> Step: parse table inner spec.
> Step: execute table commands.
> Step: calculate cell and line sizes.
> Step: build the whole table.
[21]
> Step: init table outer spec.
> Step: parse table options.
> Step: split table.
> Step: init table inner spec.
> Step: parse table inner spec.
> Step: execute table commands.
> Step: calculate cell and line sizes.
> Step: build the whole table.
> Step: init table outer spec.
> Step: parse table options.
> Step: split table.
> Step: init table inner spec.
> Step: parse table inner spec.
> Step: execute table commands.
> Step: calculate cell and line sizes.
> Step: build the whole table.
> Step: init table outer spec.
> Step: parse table options.
> Step: split table.
> Step: init table inner spec.
> Step: parse table inner spec.
> Step: execute table commands.
> Step: calculate cell and line sizes.


Package tabularray Warning: Table width is too small, need 22.3944pt more!

> Step: build the whole table.
> Step: init table outer spec.
> Step: parse table options.
> Step: split table.
> Step: init table inner spec.
> Step: parse table inner spec.
> Step: execute table commands.
> Step: calculate cell and line sizes.
> Step: build the whole table.
> Step: init table outer spec.
> Step: parse table options.
> Step: split table.
> Step: init table inner spec.
> Step: parse table inner spec.
> Step: execute table commands.
> Step: calculate cell and line sizes.
> Step: build the whole table.
> Step: init table outer spec.
> Step: parse table options.
> Step: split table.
> Step: init table inner spec.
> Step: parse table inner spec.
> Step: execute table commands.
> Step: calculate cell and line sizes.
> Step: build the whole table.
> Step: init table outer spec.
> Step: parse table options.
> Step: split table.
> Step: init table inner spec.
> Step: parse table inner spec.
> Step: execute table commands.
> Step: calculate cell and line sizes.
> Step: build the whole table.
> Step: init table outer spec.
> Step: parse table options.
> Step: split table.
> Step: init table inner spec.
> Step: parse table inner spec.
> Step: execute table commands.
> Step: calculate cell and line sizes.
> Step: build the whole table.
> Step: init table outer spec.
> Step: parse table options.
> Step: split table.
> Step: init table inner spec.
> Step: parse table inner spec.
> Step: execute table commands.
> Step: calculate cell and line sizes.
> Step: build the whole table.
> Step: init table outer spec.
> Step: parse table options.
> Step: split table.
> Step: init table inner spec.
> Step: parse table inner spec.
> Step: execute table commands.
> Step: calculate cell and line sizes.
> Step: build the whole table.
[22]
Underfull \hbox (badness 10000) detected at line 139
[][][]
 []

) (./classCondition.tex
Package epstopdf Info: Source file: <classCondition.eps>
(epstopdf)                    date: 2026-07-23 23:44:35
(epstopdf)                    size: 3917 bytes
(epstopdf)             Output file: <classCondition-eps-converted-to.pdf>
(epstopdf)                    date: 2026-07-23 23:44:39
(epstopdf)                    size: 5558 bytes
(epstopdf)             Command: <repstopdf --outfile=classCondition-eps-convert
ed-to.pdf classCondition.eps>
(epstopdf)             \includegraphics on input line 10.
Package epstopdf Info: Output file is already uptodate.
 <./classCondition-eps-converted-to.pdf>
<classCondition-eps-converted-to.pdf, id=2828, 501.875pt x 164.54472pt>
File: classCondition-eps-converted-to.pdf Graphic file (type pdf)
<use classCondition-eps-converted-to.pdf>
Package pdftex.def Info: classCondition-eps-converted-to.pdf  used on input lin
e 10.
(pdftex.def)             Requested size: 173.56058pt x 56.9055pt.
)
(./classCRC32.tex [23]
Underfull \hbox (badness 10000) detected at line 39
[][][]
 []

> Step: init table outer spec.
> Step: parse table options.
> Step: split table.
> Step: init table inner spec.
> Step: parse table inner spec.
> Step: execute table commands.
> Step: calculate cell and line sizes.
> Step: build the whole table.
> Step: init table outer spec.
> Step: parse table options.
> Step: split table.
> Step: init table inner spec.
> Step: parse table inner spec.
> Step: execute table commands.
> Step: calculate cell and line sizes.
> Step: build the whole table.
[24]
Underfull \hbox (badness 10000) detected at line 67
[][][]
 []


Underfull \hbox (badness 10000) detected at line 76
[][][]
 []

> Step: init table outer spec.
> Step: parse table options.
> Step: split table.
> Step: init table inner spec.
> Step: parse table inner spec.
> Step: execute table commands.
> Step: calculate cell and line sizes.
> Step: build the whole table.
> Step: init table outer spec.
> Step: parse table options.
> Step: split table.
> Step: init table inner spec.
> Step: parse table inner spec.
> Step: execute table commands.
> Step: calculate cell and line sizes.
> Step: build the whole table.
> Step: init table outer spec.
> Step: parse table options.
> Step: split table.
> Step: init table inner spec.
> Step: parse table inner spec.
> Step: execute table commands.
> Step: calculate cell and line sizes.
> Step: build the whole table.
> Step: init table outer spec.
> Step: parse table options.
> Step: split table.
> Step: init table inner spec.
> Step: parse table inner spec.
> Step: execute table commands.
> Step: calculate cell and line sizes.
> Step: build the whole table.
> Step: init table outer spec.
> Step: parse table options.
> Step: split table.
> Step: init table inner spec.
> Step: parse table inner spec.
> Step: execute table commands.
> Step: calculate cell and line sizes.
> Step: build the whole table.
> Step: init table outer spec.
> Step: parse table options.
> Step: split table.
> Step: init table inner spec.
> Step: parse table inner spec.
> Step: execute table commands.
> Step: calculate cell and line sizes.
> Step: build the whole table.
[25]) (./classCustomEncoder.tex
> Step: init table outer spec.
> Step: parse table options.
> Step: split table.
> Step: init table inner spec.
> Step: parse table inner spec.
> Step: execute table commands.
> Step: calculate cell and line sizes.
> Step: build the whole table.
> Step: init table outer spec.
> Step: parse table options.
> Step: split table.
> Step: init table inner spec.
> Step: parse table inner spec.
> Step: execute table commands.
> Step: calculate cell and line sizes.
> Step: build the whole table.
> Step: init table outer spec.
> Step: parse table options.
> Step: split table.
> Step: init table inner spec.
> Step: parse table inner spec.
> Step: execute table commands.
> Step: calculate cell and line sizes.
> Step: build the whole table.
> Step: init table outer spec.
> Step: parse table options.
> Step: split table.
> Step: init table inner spec.
> Step: parse table inner spec.
> Step: execute table commands.
> Step: calculate cell and line sizes.
> Step: build the whole table.
 [26]
Underfull \hbox (badness 10000) detected at line 59
[][][]
 []

> Step: init table outer spec.
> Step: parse table options.
> Step: split table.
> Step: init table inner spec.
> Step: parse table inner spec.
> Step: execute table commands.
> Step: calculate cell and line sizes.
> Step: build the whole table.
> Step: init table outer spec.
> Step: parse table options.
> Step: split table.
> Step: init table inner spec.
> Step: parse table inner spec.
> Step: execute table commands.
> Step: calculate cell and line sizes.
> Step: build the whole table.

Underfull \hbox (badness 10000) detected at line 73
[][][]
 []

> Step: init table outer spec.
> Step: parse table options.
> Step: split table.
> Step: init table inner spec.
> Step: parse table inner spec.
> Step: execute table commands.
> Step: calculate cell and line sizes.
> Step: build the whole table.
> Step: init table outer spec.
> Step: parse table options.
> Step: split table.
> Step: init table inner spec.
> Step: parse table inner spec.
> Step: execute table commands.
> Step: calculate cell and line sizes.
> Step: build the whole table.
> Step: init table outer spec.
> Step: parse table options.
> Step: split table.
> Step: init table inner spec.
> Step: parse table inner spec.
> Step: execute table commands.
> Step: calculate cell and line sizes.
> Step: build the whole table.
> Step: init table outer spec.
> Step: parse table options.
> Step: split table.
> Step: init table inner spec.
> Step: parse table inner spec.
> Step: execute table commands.
> Step: calculate cell and line sizes.
> Step: build the whole table.
[27]
> Step: init table outer spec.
> Step: parse table options.
> Step: split table.
> Step: init table inner spec.
> Step: parse table inner spec.
> Step: execute table commands.
> Step: calculate cell and line sizes.
> Step: build the whole table.
> Step: init table outer spec.
> Step: parse table options.
> Step: split table.
> Step: init table inner spec.
> Step: parse table inner spec.
> Step: execute table commands.
> Step: calculate cell and line sizes.
> Step: build the whole table.

Underfull \hbox (badness 10000) detected at line 113
[][][]
 []

) (./classDelayCommand.tex
> Step: init table outer spec.
> Step: parse table options.
> Step: split table.
> Step: init table inner spec.
> Step: parse table inner spec.
> Step: execute table commands.
> Step: calculate cell and line sizes.
> Step: build the whole table.
> Step: init table outer spec.
> Step: parse table options.
> Step: split table.
> Step: init table inner spec.
> Step: parse table inner spec.
> Step: execute table commands.
> Step: calculate cell and line sizes.
> Step: build the whole table.
 [28]
Underfull \hbox (badness 10000) detected at line 44
[][][]
 []

) (./classDriveForwardCommand.tex [29]
> Step: init table outer spec.
> Step: parse table options.
> Step: split table.
> Step: init table inner spec.
> Step: parse table inner spec.
> Step: execute table commands.
> Step: calculate cell and line sizes.
> Step: build the whole table.
> Step: init table outer spec.
> Step: parse table options.
> Step: split table.
> Step: init table inner spec.
> Step: parse table inner spec.
> Step: execute table commands.
> Step: calculate cell and line sizes.
> Step: build the whole table.

Underfull \hbox (badness 10000) detected at line 78
[][][]
 []

[30]) (./classDriveStopCommand.tex
> Step: init table outer spec.
> Step: parse table options.
> Step: split table.
> Step: init table inner spec.
> Step: parse table inner spec.
> Step: execute table commands.
> Step: calculate cell and line sizes.
> Step: build the whole table.
> Step: init table outer spec.
> Step: parse table options.
> Step: split table.
> Step: init table inner spec.
> Step: parse table inner spec.
> Step: execute table commands.
> Step: calculate cell and line sizes.
> Step: build the whole table.

Underfull \hbox (badness 10000) detected at line 44
[][][]
 []


Underfull \hbox (badness 10000) detected at line 47
[][][]
 []

[31]) (./classDriveToPointCommand.tex
> Step: init table outer spec.
> Step: parse table options.
> Step: split table.
> Step: init table inner spec.
> Step: parse table inner spec.
> Step: execute table commands.
> Step: calculate cell and line sizes.
> Step: build the whole table.
> Step: init table outer spec.
> Step: parse table options.
> Step: split table.
> Step: init table inner spec.
> Step: parse table inner spec.
> Step: execute table commands.
> Step: calculate cell and line sizes.
> Step: build the whole table.
 [32]
> Step: init table outer spec.
> Step: parse table options.
> Step: split table.
> Step: init table inner spec.
> Step: parse table inner spec.
> Step: execute table commands.
> Step: calculate cell and line sizes.
> Step: build the whole table.
> Step: init table outer spec.
> Step: parse table options.
> Step: split table.
> Step: init table inner spec.
> Step: parse table inner spec.
> Step: execute table commands.
> Step: calculate cell and line sizes.
> Step: build the whole table.

Underfull \hbox (badness 10000) detected at line 75
[][][]
 []

) (./structAutoChooser_1_1entry__t.tex [33])
(./classExponentialMovingAverage.tex
Package epstopdf Info: Source file: <classExponentialMovingAverage.eps>
(epstopdf)                    date: 2026-07-23 23:44:35
(epstopdf)                    size: 3802 bytes
(epstopdf)             Output file: <classExponentialMovingAverage-eps-converte
d-to.pdf>
(epstopdf)                    date: 2026-07-23 23:44:42
(epstopdf)                    size: 5439 bytes
(epstopdf)             Command: <repstopdf --outfile=classExponentialMovingAver
age-eps-converted-to.pdf classExponentialMovingAverage.eps>
(epstopdf)             \includegraphics on input line 10.
Package epstopdf Info: Output file is already uptodate.
 <./classExponentialMovingAverage-eps-converted-to.pdf>
<classExponentialMovingAverage-eps-converted-to.pdf, id=3072, 501.875pt x 228.1
2227pt>
File: classExponentialMovingAverage-eps-converted-to.pdf Graphic file (type pdf
)
<use classExponentialMovingAverage-eps-converted-to.pdf>
Package pdftex.def Info: classExponentialMovingAverage-eps-converted-to.pdf  us
ed on input line 10.
(pdftex.def)             Requested size: 125.19275pt x 56.9055pt.
 [34]
> Step: init table outer spec.
> Step: parse table options.
> Step: split table.
> Step: init table inner spec.
> Step: parse table inner spec.
> Step: execute table commands.
> Step: calculate cell and line sizes.
> Step: build the whole table.
> Step: init table outer spec.
> Step: parse table options.
> Step: split table.
> Step: init table inner spec.
> Step: parse table inner spec.
> Step: execute table commands.
> Step: calculate cell and line sizes.
> Step: build the whole table.
> Step: init table outer spec.
> Step: parse table options.
> Step: split table.
> Step: init table inner spec.
> Step: parse table inner spec.
> Step: execute table commands.
> Step: calculate cell and line sizes.
> Step: build the whole table.
> Step: init table outer spec.
> Step: parse table options.
> Step: split table.
> Step: init table inner spec.
> Step: parse table inner spec.
> Step: execute table commands.
> Step: calculate cell and line sizes.
> Step: build the whole table.
> Step: init table outer spec.
> Step: parse table options.
> Step: split table.
> Step: init table inner spec.
> Step: parse table inner spec.
> Step: execute table commands.
> Step: calculate cell and line sizes.
> Step: build the whole table.
> Step: init table outer spec.
> Step: parse table options.
> Step: split table.
> Step: init table inner spec.
> Step: parse table inner spec.
> Step: execute table commands.
> Step: calculate cell and line sizes.
> Step: build the whole table.
 [35]
Underfull \hbox (badness 10000) detected at line 92
[][][]
 []


Underfull \hbox (badness 10000) detected at line 101
[][][]
 []


Underfull \hbox (badness 10000) detected at line 104
[][][]
 []

) (./classFeedback.tex
Package epstopdf Info: Source file: <classFeedback.eps>
(epstopdf)                    date: 2026-07-23 23:44:35
(epstopdf)                    size: 3980 bytes
(epstopdf)             Output file: <classFeedback-eps-converted-to.pdf>
(epstopdf)                    date: 2026-07-23 23:44:42
(epstopdf)                    size: 6021 bytes
(epstopdf)             Command: <repstopdf --outfile=classFeedback-eps-converte
d-to.pdf classFeedback.eps>
(epstopdf)             \includegraphics on input line 10.
Package epstopdf Info: Output file is already uptodate.
 <./classFeedback-eps-converted-to.pdf>
<classFeedback-eps-converted-to.pdf, id=3124, 501.875pt x 117.3986pt>
File: classFeedback-eps-converted-to.pdf Graphic file (type pdf)
<use classFeedback-eps-converted-to.pdf>
Package pdftex.def Info: classFeedback-eps-converted-to.pdf  used on input line
 10.
(pdftex.def)             Requested size: 243.27122pt x 56.9055pt.
 [36]
Underfull \hbox (badness 10000) detected at line 31
[][][]
 []


Underfull \hbox (badness 10000) detected at line 34
[][][]
 []


Underfull \hbox (badness 10000) detected at line 48
[][][]
 []

> Step: init table outer spec.
> Step: parse table options.
> Step: split table.
> Step: init table inner spec.
> Step: parse table inner spec.
> Step: execute table commands.
> Step: calculate cell and line sizes.
> Step: build the whole table.
> Step: init table outer spec.
> Step: parse table options.
> Step: split table.
> Step: init table inner spec.
> Step: parse table inner spec.
> Step: execute table commands.
> Step: calculate cell and line sizes.
> Step: build the whole table.
[37]
Underfull \hbox (badness 10000) detected at line 84
[][][]
 []

> Step: init table outer spec.
> Step: parse table options.
> Step: split table.
> Step: init table inner spec.
> Step: parse table inner spec.
> Step: execute table commands.
> Step: calculate cell and line sizes.
> Step: build the whole table.
> Step: init table outer spec.
> Step: parse table options.
> Step: split table.
> Step: init table inner spec.
> Step: parse table inner spec.
> Step: execute table commands.
> Step: calculate cell and line sizes.
> Step: build the whole table.
> Step: init table outer spec.
> Step: parse table options.
> Step: split table.
> Step: init table inner spec.
> Step: parse table inner spec.
> Step: execute table commands.
> Step: calculate cell and line sizes.
> Step: build the whole table.
> Step: init table outer spec.
> Step: parse table options.
> Step: split table.
> Step: init table inner spec.
> Step: parse table inner spec.
> Step: execute table commands.
> Step: calculate cell and line sizes.
> Step: build the whole table.

Underfull \hbox (badness 10000) detected at line 123
[][][]
 []

) (./classFeedForward.tex [38]
Underfull \hbox (badness 10000) detected at line 32
[][][]
 []


Underfull \hbox (badness 10000) detected at line 35
[][][]
 []

> Step: init table outer spec.
> Step: parse table options.
> Step: split table.
> Step: init table inner spec.
> Step: parse table inner spec.
> Step: execute table commands.
> Step: calculate cell and line sizes.
> Step: build the whole table.
> Step: init table outer spec.
> Step: parse table options.
> Step: split table.
> Step: init table inner spec.
> Step: parse table inner spec.
> Step: execute table commands.
> Step: calculate cell and line sizes.
> Step: build the whole table.
[39]
> Step: init table outer spec.
> Step: parse table options.
> Step: split table.
> Step: init table inner spec.
> Step: parse table inner spec.
> Step: execute table commands.
> Step: calculate cell and line sizes.
> Step: build the whole table.
> Step: init table outer spec.
> Step: parse table options.
> Step: split table.
> Step: init table inner spec.
> Step: parse table inner spec.
> Step: execute table commands.
> Step: calculate cell and line sizes.
> Step: build the whole table.

Underfull \hbox (badness 10000) detected at line 78
[][][]
 []

) (./structFeedForward_1_1ff__config__t.tex [40]) (./classFilter.tex
Package epstopdf Info: Source file: <classFilter.eps>
(epstopdf)                    date: 2026-07-23 23:44:35
(epstopdf)                    size: 3927 bytes
(epstopdf)             Output file: <classFilter-eps-converted-to.pdf>
(epstopdf)                    date: 2026-07-23 23:44:43
(epstopdf)                    size: 5511 bytes
(epstopdf)             Command: <repstopdf --outfile=classFilter-eps-converted-
to.pdf classFilter.eps>
(epstopdf)             \includegraphics on input line 10.
Package epstopdf Info: Output file is already uptodate.
 <./classFilter-eps-converted-to.pdf>
<classFilter-eps-converted-to.pdf, id=3270, 501.875pt x 114.06615pt>
File: classFilter-eps-converted-to.pdf Graphic file (type pdf)
<use classFilter-eps-converted-to.pdf>
Package pdftex.def Info: classFilter-eps-converted-to.pdf  used on input line 1
0.
(pdftex.def)             Requested size: 250.37784pt x 56.9055pt.
) (./classFlywheel.tex [41]
> Step: init table outer spec.
> Step: parse table options.
> Step: split table.
> Step: init table inner spec.
> Step: parse table inner spec.
> Step: execute table commands.
> Step: calculate cell and line sizes.
> Step: build the whole table.
> Step: init table outer spec.
> Step: parse table options.
> Step: split table.
> Step: init table inner spec.
> Step: parse table inner spec.
> Step: execute table commands.
> Step: calculate cell and line sizes.
> Step: build the whole table.
 [42]
Underfull \hbox (badness 10000) detected at line 75
[][][]
 []


Underfull \hbox (badness 10000) detected at line 84
[][][]
 []


Underfull \hbox (badness 10000) detected at line 103
[][][]
 []

> Step: init table outer spec.
> Step: parse table options.
> Step: split table.
> Step: init table inner spec.
> Step: parse table inner spec.
> Step: execute table commands.
> Step: calculate cell and line sizes.
> Step: build the whole table.
> Step: init table outer spec.
> Step: parse table options.
> Step: split table.
> Step: init table inner spec.
> Step: parse table inner spec.
> Step: execute table commands.
> Step: calculate cell and line sizes.
> Step: build the whole table.
[43]
> Step: init table outer spec.
> Step: parse table options.
> Step: split table.
> Step: init table inner spec.
> Step: parse table inner spec.
> Step: execute table commands.
> Step: calculate cell and line sizes.
> Step: build the whole table.
> Step: init table outer spec.
> Step: parse table options.
> Step: split table.
> Step: init table inner spec.
> Step: parse table inner spec.
> Step: execute table commands.
> Step: calculate cell and line sizes.
> Step: build the whole table.
> Step: init table outer spec.
> Step: parse table options.
> Step: split table.
> Step: init table inner spec.
> Step: parse table inner spec.
> Step: execute table commands.
> Step: calculate cell and line sizes.
> Step: build the whole table.
> Step: init table outer spec.
> Step: parse table options.
> Step: split table.
> Step: init table inner spec.
> Step: parse table inner spec.
> Step: execute table commands.
> Step: calculate cell and line sizes.
> Step: build the whole table.
> Step: init table outer spec.
> Step: parse table options.
> Step: split table.
> Step: init table inner spec.
> Step: parse table inner spec.
> Step: execute table commands.
> Step: calculate cell and line sizes.
> Step: build the whole table.
> Step: init table outer spec.
> Step: parse table options.
> Step: split table.
> Step: init table inner spec.
> Step: parse table inner spec.
> Step: execute table commands.
> Step: calculate cell and line sizes.
> Step: build the whole table.

Underfull \hbox (badness 10000) detected at line 152
[][][]
 []

> Step: init table outer spec.
> Step: parse table options.
> Step: split table.
> Step: init table inner spec.
> Step: parse table inner spec.
> Step: execute table commands.
> Step: calculate cell and line sizes.
> Step: build the whole table.
> Step: init table outer spec.
> Step: parse table options.
> Step: split table.
> Step: init table inner spec.
> Step: parse table inner spec.
> Step: execute table commands.
> Step: calculate cell and line sizes.
> Step: build the whole table.
[44]
Underfull \hbox (badness 10000) detected at line 162
[][][]
 []


Underfull \hbox (badness 10000) detected at line 183
[][][]
 []

) (./classFlywheelStopCommand.tex
> Step: init table outer spec.
> Step: parse table options.
> Step: split table.
> Step: init table inner spec.
> Step: parse table inner spec.
> Step: execute table commands.
> Step: calculate cell and line sizes.
> Step: build the whole table.
> Step: init table outer spec.
> Step: parse table options.
> Step: split table.
> Step: init table inner spec.
> Step: parse table inner spec.
> Step: execute table commands.
> Step: calculate cell and line sizes.
> Step: build the whole table.
 [45]
Underfull \hbox (badness 10000) detected at line 44
[][][]
 []

) (./classFlywheelStopMotorsCommand.tex [46]
> Step: init table outer spec.
> Step: parse table options.
> Step: split table.
> Step: init table inner spec.
> Step: parse table inner spec.
> Step: execute table commands.
> Step: calculate cell and line sizes.
> Step: build the whole table.
> Step: init table outer spec.
> Step: parse table options.
> Step: split table.
> Step: init table inner spec.
> Step: parse table inner spec.
> Step: execute table commands.
> Step: calculate cell and line sizes.
> Step: build the whole table.

Underfull \hbox (badness 10000) detected at line 44
[][][]
 []

) (./classFlywheelStopNonTasksCommand.tex) (./classFunctionCommand.tex [47])
(./classFunctionCondition.tex
Package epstopdf Info: Source file: <classFunctionCondition.eps>
(epstopdf)                    date: 2026-07-23 23:44:35
(epstopdf)                    size: 3794 bytes
(epstopdf)             Output file: <classFunctionCondition-eps-converted-to.pd
f>
(epstopdf)                    date: 2026-07-23 23:44:45
(epstopdf)                    size: 4588 bytes
(epstopdf)             Command: <repstopdf --outfile=classFunctionCondition-eps
-converted-to.pdf classFunctionCondition.eps>
(epstopdf)             \includegraphics on input line 15.
Package epstopdf Info: Output file is already uptodate.
 <./classFunctionCondition-eps-converted-to.pdf>
<classFunctionCondition-eps-converted-to.pdf, id=3434, 501.875pt x 329.0995pt>
File: classFunctionCondition-eps-converted-to.pdf Graphic file (type pdf)
<use classFunctionCondition-eps-converted-to.pdf>
Package pdftex.def Info: classFunctionCondition-eps-converted-to.pdf  used on i
nput line 15.
(pdftex.def)             Requested size: 86.78029pt x 56.9055pt.
)
(./classscreen_1_1FunctionPage.tex
Package epstopdf Info: Source file: <classscreen_1_1FunctionPage.eps>
(epstopdf)                    date: 2026-07-23 23:44:36
(epstopdf)                    size: 3806 bytes
(epstopdf)             Output file: <classscreen_1_1FunctionPage-eps-converted-
to.pdf>
(epstopdf)                    date: 2026-07-23 23:44:45
(epstopdf)                    size: 5230 bytes
(epstopdf)             Command: <repstopdf --outfile=classscreen_1_1FunctionPag
e-eps-converted-to.pdf classscreen_1_1FunctionPage.eps>
(epstopdf)             \includegraphics on input line 15.
Package epstopdf Info: Output file is already uptodate.
 <./classscreen_1_1FunctionPage-eps-converted-to.pdf>
<classscreen_1_1FunctionPage-eps-converted-to.pdf, id=3444, 501.875pt x 280.768
95pt>
File: classscreen_1_1FunctionPage-eps-converted-to.pdf Graphic file (type pdf)
<use classscreen_1_1FunctionPage-eps-converted-to.pdf>
Package pdftex.def Info: classscreen_1_1FunctionPage-eps-converted-to.pdf  used
 on input line 15.
(pdftex.def)             Requested size: 101.71336pt x 56.9055pt.
 [48]
> Step: init table outer spec.
> Step: parse table options.
> Step: split table.
> Step: init table inner spec.
> Step: parse table inner spec.
> Step: execute table commands.
> Step: calculate cell and line sizes.

Overfull \hbox (1.47571pt too wide) in paragraph at lines 57--57
[]\T1/phv/m/sl/10 update[] 
 []


Overfull \hbox (1.47571pt too wide) in paragraph at lines 57--57
[]\T1/phv/m/sl/10 draw[] 
 []


Overfull \hbox (1.47571pt too wide) in paragraph at lines 57--57
[]\T1/phv/m/sl/10 update[] 
 []


Overfull \hbox (1.47571pt too wide) in paragraph at lines 57--57
[]\T1/phv/m/sl/10 draw[] 
 []


Overfull \hbox (1.47571pt too wide) in paragraph at lines 57--57
[]\T1/phv/m/sl/10 update[] 
 []


Overfull \hbox (1.47571pt too wide) in paragraph at lines 57--57
[]\T1/phv/m/sl/10 update[] 
 []

> Step: build the whole table.
> Step: init table outer spec.
> Step: parse table options.
> Step: split table.
> Step: init table inner spec.
> Step: parse table inner spec.
> Step: execute table commands.
> Step: calculate cell and line sizes.

Overfull \hbox (1.47571pt too wide) in paragraph at lines 57--57
[]\T1/phv/m/sl/10 update[] 
 []


Overfull \hbox (1.47571pt too wide) in paragraph at lines 57--57
[]\T1/phv/m/sl/10 draw[] 
 []


Overfull \hbox (1.47571pt too wide) in paragraph at lines 57--57
[]\T1/phv/m/sl/10 update[] 
 []


Overfull \hbox (1.47571pt too wide) in paragraph at lines 57--57
[]\T1/phv/m/sl/10 draw[] 
 []


Overfull \hbox (1.47571pt too wide) in paragraph at lines 57--57
[]\T1/phv/m/sl/10 update[] 
 []


Overfull \hbox (1.47571pt too wide) in paragraph at lines 57--57
[]\T1/phv/m/sl/10 update[] 
 []

> Step: build the whole table.

Overfull \hbox (1.47571pt too wide) in paragraph at lines 57--57
[]\T1/phv/m/sl/10 update[] 
 []


Overfull \hbox (1.47571pt too wide) in paragraph at lines 57--57
[]\T1/phv/m/sl/10 update[] 
 []


Underfull \hbox (badness 10000) detected at line 73
[][][]
 []

[49]
Underfull \hbox (badness 10000) detected at line 90
[][][]
 []

) (./classGenericAuto.tex
> Step: init table outer spec.
> Step: parse table options.
> Step: split table.
> Step: init table inner spec.
> Step: parse table inner spec.
> Step: execute table commands.
> Step: calculate cell and line sizes.
> Step: build the whole table.
> Step: init table outer spec.
> Step: parse table options.
> Step: split table.
> Step: init table inner spec.
> Step: parse table inner spec.
> Step: execute table commands.
> Step: calculate cell and line sizes.
> Step: build the whole table.
 [50]
> Step: init table outer spec.
> Step: parse table options.
> Step: split table.
> Step: init table inner spec.
> Step: parse table inner spec.
> Step: execute table commands.
> Step: calculate cell and line sizes.
> Step: build the whole table.
> Step: init table outer spec.
> Step: parse table options.
> Step: split table.
> Step: init table inner spec.
> Step: parse table inner spec.
> Step: execute table commands.
> Step: calculate cell and line sizes.
> Step: build the whole table.
> Step: init table outer spec.
> Step: parse table options.
> Step: split table.
> Step: init table inner spec.
> Step: parse table inner spec.
> Step: execute table commands.
> Step: calculate cell and line sizes.
> Step: build the whole table.
> Step: init table outer spec.
> Step: parse table options.
> Step: split table.
> Step: init table inner spec.
> Step: parse table inner spec.
> Step: execute table commands.
> Step: calculate cell and line sizes.
> Step: build the whole table.
> Step: init table outer spec.
> Step: parse table options.
> Step: split table.
> Step: init table inner spec.
> Step: parse table inner spec.
> Step: execute table commands.
> Step: calculate cell and line sizes.
> Step: build the whole table.
> Step: init table outer spec.
> Step: parse table options.
> Step: split table.
> Step: init table inner spec.
> Step: parse table inner spec.
> Step: execute table commands.
> Step: calculate cell and line sizes.
> Step: build the whole table.

Underfull \hbox (badness 10000) detected at line 74
[][][]
 []

) (./structPurePursuit_1_1hermite__point.tex [51]) (./classIfTimePassed.tex
Package epstopdf Info: Source file: <classIfTimePassed.eps>
(epstopdf)                    date: 2026-07-23 23:44:35
(epstopdf)                    size: 3784 bytes
(epstopdf)             Output file: <classIfTimePassed-eps-converted-to.pdf>
(epstopdf)                    date: 2026-07-23 23:44:46
(epstopdf)                    size: 5184 bytes
(epstopdf)             Command: <repstopdf --outfile=classIfTimePassed-eps-conv
erted-to.pdf classIfTimePassed.eps>
(epstopdf)             \includegraphics on input line 15.
Package epstopdf Info: Output file is already uptodate.
 <./classIfTimePassed-eps-converted-to.pdf>
<classIfTimePassed-eps-converted-to.pdf, id=3527, 501.875pt x 427.12573pt>
File: classIfTimePassed-eps-converted-to.pdf Graphic file (type pdf)
<use classIfTimePassed-eps-converted-to.pdf>
Package pdftex.def Info: classIfTimePassed-eps-converted-to.pdf  used on input 
line 15.
(pdftex.def)             Requested size: 66.86186pt x 56.9055pt.
) (./classInOrder.tex)
(./classInterpolatingMap.tex [52]
> Step: init table outer spec.
> Step: parse table options.
> Step: split table.
> Step: init table inner spec.
> Step: parse table inner spec.
> Step: execute table commands.
> Step: calculate cell and line sizes.
> Step: build the whole table.
> Step: init table outer spec.
> Step: parse table options.
> Step: split table.
> Step: init table inner spec.
> Step: parse table inner spec.
> Step: execute table commands.
> Step: calculate cell and line sizes.
> Step: build the whole table.
> Step: init table outer spec.
> Step: parse table options.
> Step: split table.
> Step: init table inner spec.
> Step: parse table inner spec.
> Step: execute table commands.
> Step: calculate cell and line sizes.
> Step: build the whole table.
> Step: init table outer spec.
> Step: parse table options.
> Step: split table.
> Step: init table inner spec.
> Step: parse table inner spec.
> Step: execute table commands.
> Step: calculate cell and line sizes.
> Step: build the whole table.
 [53]
> Step: init table outer spec.
> Step: parse table options.
> Step: split table.
> Step: init table inner spec.
> Step: parse table inner spec.
> Step: execute table commands.
> Step: calculate cell and line sizes.
> Step: build the whole table.
> Step: init table outer spec.
> Step: parse table options.
> Step: split table.
> Step: init table inner spec.
> Step: parse table inner spec.
> Step: execute table commands.
> Step: calculate cell and line sizes.
> Step: build the whole table.

Underfull \hbox (badness 10000) detected at line 76
[][][]
 []

) (./classKalmanFilter.tex [54]
> Step: init table outer spec.
> Step: parse table options.
> Step: split table.
> Step: init table inner spec.
> Step: parse table inner spec.
> Step: execute table commands.
> Step: calculate cell and line sizes.
> Step: build the whole table.
> Step: init table outer spec.
> Step: parse table options.
> Step: split table.
> Step: init table inner spec.
> Step: parse table inner spec.
> Step: execute table commands.
> Step: calculate cell and line sizes.
> Step: build the whole table.
> Step: init table outer spec.
> Step: parse table options.
> Step: split table.
> Step: init table inner spec.
> Step: parse table inner spec.
> Step: execute table commands.
> Step: calculate cell and line sizes.
> Step: build the whole table.
> Step: init table outer spec.
> Step: parse table options.
> Step: split table.
> Step: init table inner spec.
> Step: parse table inner spec.
> Step: execute table commands.
> Step: calculate cell and line sizes.
> Step: build the whole table.
> Step: init table outer spec.
> Step: parse table options.
> Step: split table.
> Step: init table inner spec.
> Step: parse table inner spec.
> Step: execute table commands.
> Step: calculate cell and line sizes.
> Step: build the whole table.
> Step: init table outer spec.
> Step: parse table options.
> Step: split table.
> Step: init table inner spec.
> Step: parse table inner spec.
> Step: execute table commands.
> Step: calculate cell and line sizes.
> Step: build the whole table.
 [55]
> Step: init table outer spec.
> Step: parse table options.
> Step: split table.
> Step: init table inner spec.
> Step: parse table inner spec.
> Step: execute table commands.
> Step: calculate cell and line sizes.
> Step: build the whole table.
> Step: init table outer spec.
> Step: parse table options.
> Step: split table.
> Step: init table inner spec.
> Step: parse table inner spec.
> Step: execute table commands.
> Step: calculate cell and line sizes.
> Step: build the whole table.
> Step: init table outer spec.
> Step: parse table options.
> Step: split table.
> Step: init table inner spec.
> Step: parse table inner spec.
> Step: execute table commands.
> Step: calculate cell and line sizes.
> Step: build the whole table.
> Step: init table outer spec.
> Step: parse table options.
> Step: split table.
> Step: init table inner spec.
> Step: parse table inner spec.
> Step: execute table commands.
> Step: calculate cell and line sizes.
> Step: build the whole table.
 [56]
> Step: init table outer spec.
> Step: parse table options.
> Step: split table.
> Step: init table inner spec.
> Step: parse table inner spec.
> Step: execute table commands.
> Step: calculate cell and line sizes.
> Step: build the whole table.
> Step: init table outer spec.
> Step: parse table options.
> Step: split table.
> Step: init table inner spec.
> Step: parse table inner spec.
> Step: execute table commands.
> Step: calculate cell and line sizes.
> Step: build the whole table.
> Step: init table outer spec.
> Step: parse table options.
> Step: split table.
> Step: init table inner spec.
> Step: parse table inner spec.
> Step: execute table commands.
> Step: calculate cell and line sizes.
> Step: build the whole table.
> Step: init table outer spec.
> Step: parse table options.
> Step: split table.
> Step: init table inner spec.
> Step: parse table inner spec.
> Step: execute table commands.
> Step: calculate cell and line sizes.
> Step: build the whole table.
> Step: init table outer spec.
> Step: parse table options.
> Step: split table.
> Step: init table inner spec.
> Step: parse table inner spec.
> Step: execute table commands.
> Step: calculate cell and line sizes.
> Step: build the whole table.
> Step: init table outer spec.
> Step: parse table options.
> Step: split table.
> Step: init table inner spec.
> Step: parse table inner spec.
> Step: execute table commands.
> Step: calculate cell and line sizes.
> Step: build the whole table.
 [57]
> Step: init table outer spec.
> Step: parse table options.
> Step: split table.
> Step: init table inner spec.
> Step: parse table inner spec.
> Step: execute table commands.
> Step: calculate cell and line sizes.
> Step: build the whole table.
> Step: init table outer spec.
> Step: parse table options.
> Step: split table.
> Step: init table inner spec.
> Step: parse table inner spec.
> Step: execute table commands.
> Step: calculate cell and line sizes.
> Step: build the whole table.
> Step: init table outer spec.
> Step: parse table options.
> Step: split table.
> Step: init table inner spec.
> Step: parse table inner spec.
> Step: execute table commands.
> Step: calculate cell and line sizes.
> Step: build the whole table.
> Step: init table outer spec.
> Step: parse table options.
> Step: split table.
> Step: init table inner spec.
> Step: parse table inner spec.
> Step: execute table commands.
> Step: calculate cell and line sizes.
> Step: build the whole table.
) (./classLift.tex [58]
Underfull \hbox (badness 10000) detected at line 48
[][][]
 []

> Step: init table outer spec.
> Step: parse table options.
> Step: split table.
> Step: init table inner spec.
> Step: parse table inner spec.
> Step: execute table commands.
> Step: calculate cell and line sizes.
> Step: build the whole table.
> Step: init table outer spec.
> Step: parse table options.
> Step: split table.
> Step: init table inner spec.
> Step: parse table inner spec.
> Step: execute table commands.
> Step: calculate cell and line sizes.
> Step: build the whole table.
[59]
> Step: init table outer spec.
> Step: parse table options.
> Step: split table.
> Step: init table inner spec.
> Step: parse table inner spec.
> Step: execute table commands.
> Step: calculate cell and line sizes.
> Step: build the whole table.
> Step: init table outer spec.
> Step: parse table options.
> Step: split table.
> Step: init table inner spec.
> Step: parse table inner spec.
> Step: execute table commands.
> Step: calculate cell and line sizes.
> Step: build the whole table.
> Step: init table outer spec.
> Step: parse table options.
> Step: split table.
> Step: init table inner spec.
> Step: parse table inner spec.
> Step: execute table commands.
> Step: calculate cell and line sizes.
> Step: build the whole table.
> Step: init table outer spec.
> Step: parse table options.
> Step: split table.
> Step: init table inner spec.
> Step: parse table inner spec.
> Step: execute table commands.
> Step: calculate cell and line sizes.
> Step: build the whole table.
> Step: init table outer spec.
> Step: parse table options.
> Step: split table.
> Step: init table inner spec.
> Step: parse table inner spec.
> Step: execute table commands.
> Step: calculate cell and line sizes.


Package tabularray Warning: Table width is too small, need 23.50946pt more!

> Step: build the whole table.
> Step: init table outer spec.
> Step: parse table options.
> Step: split table.
> Step: init table inner spec.
> Step: parse table inner spec.
> Step: execute table commands.
> Step: calculate cell and line sizes.
> Step: build the whole table.
[60]
Underfull \hbox (badness 10000) detected at line 140
[][][]
 []


Underfull \hbox (badness 10000) detected at line 150
[][][]
 []

> Step: init table outer spec.
> Step: parse table options.
> Step: split table.
> Step: init table inner spec.
> Step: parse table inner spec.
> Step: execute table commands.
> Step: calculate cell and line sizes.
> Step: build the whole table.
> Step: init table outer spec.
> Step: parse table options.
> Step: split table.
> Step: init table inner spec.
> Step: parse table inner spec.
> Step: execute table commands.
> Step: calculate cell and line sizes.
> Step: build the whole table.
[61]
> Step: init table outer spec.
> Step: parse table options.
> Step: split table.
> Step: init table inner spec.
> Step: parse table inner spec.
> Step: execute table commands.
> Step: calculate cell and line sizes.
> Step: build the whole table.
> Step: init table outer spec.
> Step: parse table options.
> Step: split table.
> Step: init table inner spec.
> Step: parse table inner spec.
> Step: execute table commands.
> Step: calculate cell and line sizes.
> Step: build the whole table.

Underfull \hbox (badness 10000) detected at line 193
[][][]
 []

> Step: init table outer spec.
> Step: parse table options.
> Step: split table.
> Step: init table inner spec.
> Step: parse table inner spec.
> Step: execute table commands.
> Step: calculate cell and line sizes.
> Step: build the whole table.
> Step: init table outer spec.
> Step: parse table options.
> Step: split table.
> Step: init table inner spec.
> Step: parse table inner spec.
> Step: execute table commands.
> Step: calculate cell and line sizes.
> Step: build the whole table.
> Step: init table outer spec.
> Step: parse table options.
> Step: split table.
> Step: init table inner spec.
> Step: parse table inner spec.
> Step: execute table commands.
> Step: calculate cell and line sizes.
> Step: build the whole table.
> Step: init table outer spec.
> Step: parse table options.
> Step: split table.
> Step: init table inner spec.
> Step: parse table inner spec.
> Step: execute table commands.
> Step: calculate cell and line sizes.
> Step: build the whole table.
[62]
Underfull \hbox (badness 10000) detected at line 229
[][][]
 []

) (./structLift_1_1lift__cfg__t.tex)
(./classLinearPlantInversionFeedforward.tex [63]
> Step: init table outer spec.
> Step: parse table options.
> Step: split table.
> Step: init table inner spec.
> Step: parse table inner spec.
> Step: execute table commands.
> Step: calculate cell and line sizes.
> Step: build the whole table.
> Step: init table outer spec.
> Step: parse table options.
> Step: split table.
> Step: init table inner spec.
> Step: parse table inner spec.
> Step: execute table commands.
> Step: calculate cell and line sizes.
> Step: build the whole table.
> Step: init table outer spec.
> Step: parse table options.
> Step: split table.
> Step: init table inner spec.
> Step: parse table inner spec.
> Step: execute table commands.
> Step: calculate cell and line sizes.
> Step: build the whole table.
> Step: init table outer spec.
> Step: parse table options.
> Step: split table.
> Step: init table inner spec.
> Step: parse table inner spec.
> Step: execute table commands.
> Step: calculate cell and line sizes.
> Step: build the whole table.
> Step: init table outer spec.
> Step: parse table options.
> Step: split table.
> Step: init table inner spec.
> Step: parse table inner spec.
> Step: execute table commands.
> Step: calculate cell and line sizes.
> Step: build the whole table.
> Step: init table outer spec.
> Step: parse table options.
> Step: split table.
> Step: init table inner spec.
> Step: parse table inner spec.
> Step: execute table commands.
> Step: calculate cell and line sizes.
> Step: build the whole table.
 [64]
> Step: init table outer spec.
> Step: parse table options.
> Step: split table.
> Step: init table inner spec.
> Step: parse table inner spec.
> Step: execute table commands.
> Step: calculate cell and line sizes.

Overfull \hbox (0.98067pt too wide) in paragraph at lines 98--98
[]\T1/phv/m/sl/10 next[] 
 []


Overfull \hbox (0.98067pt too wide) in paragraph at lines 98--98
[]\T1/phv/m/sl/10 next[] 
 []

> Step: build the whole table.
> Step: init table outer spec.
> Step: parse table options.
> Step: split table.
> Step: init table inner spec.
> Step: parse table inner spec.
> Step: execute table commands.
> Step: calculate cell and line sizes.

Overfull \hbox (0.98067pt too wide) in paragraph at lines 98--98
[]\T1/phv/m/sl/10 next[] 
 []


Overfull \hbox (0.98067pt too wide) in paragraph at lines 98--98
[]\T1/phv/m/sl/10 next[] 
 []

> Step: build the whole table.

Overfull \hbox (0.98067pt too wide) in paragraph at lines 98--98
[]\T1/phv/m/sl/10 next[] 
 []

> Step: init table outer spec.
> Step: parse table options.
> Step: split table.
> Step: init table inner spec.
> Step: parse table inner spec.
> Step: execute table commands.
> Step: calculate cell and line sizes.

Overfull \hbox (0.98067pt too wide) in paragraph at lines 116--116
[]\T1/phv/m/sl/10 next[] 
 []


Overfull \hbox (0.98067pt too wide) in paragraph at lines 116--116
[]\T1/phv/m/sl/10 next[] 
 []

> Step: build the whole table.
> Step: init table outer spec.
> Step: parse table options.
> Step: split table.
> Step: init table inner spec.
> Step: parse table inner spec.
> Step: execute table commands.
> Step: calculate cell and line sizes.

Overfull \hbox (0.98067pt too wide) in paragraph at lines 116--116
[]\T1/phv/m/sl/10 next[] 
 []


Overfull \hbox (0.98067pt too wide) in paragraph at lines 116--116
[]\T1/phv/m/sl/10 next[] 
 []

> Step: build the whole table.

Overfull \hbox (0.98067pt too wide) in paragraph at lines 116--116
[]\T1/phv/m/sl/10 next[] 
 []

> Step: init table outer spec.
> Step: parse table options.
> Step: split table.
> Step: init table inner spec.
> Step: parse table inner spec.
> Step: execute table commands.
> Step: calculate cell and line sizes.

Overfull \hbox (0.98067pt too wide) in paragraph at lines 132--132
[]\T1/phv/m/sl/10 next[] 
 []


Overfull \hbox (0.98067pt too wide) in paragraph at lines 132--132
[]\T1/phv/m/sl/10 next[] 
 []

> Step: build the whole table.
> Step: init table outer spec.
> Step: parse table options.
> Step: split table.
> Step: init table inner spec.
> Step: parse table inner spec.
> Step: execute table commands.
> Step: calculate cell and line sizes.

Overfull \hbox (0.98067pt too wide) in paragraph at lines 132--132
[]\T1/phv/m/sl/10 next[] 
 []


Overfull \hbox (0.98067pt too wide) in paragraph at lines 132--132
[]\T1/phv/m/sl/10 next[] 
 []

> Step: build the whole table.
[65]
Overfull \hbox (0.98067pt too wide) in paragraph at lines 132--132
[]\T1/phv/m/sl/10 next[] 
 []

> Step: init table outer spec.
> Step: parse table options.
> Step: split table.
> Step: init table inner spec.
> Step: parse table inner spec.
> Step: execute table commands.
> Step: calculate cell and line sizes.

Overfull \hbox (0.98067pt too wide) in paragraph at lines 152--152
[]\T1/phv/m/sl/10 next[] 
 []


Overfull \hbox (0.98067pt too wide) in paragraph at lines 152--152
[]\T1/phv/m/sl/10 next[] 
 []

> Step: build the whole table.
> Step: init table outer spec.
> Step: parse table options.
> Step: split table.
> Step: init table inner spec.
> Step: parse table inner spec.
> Step: execute table commands.
> Step: calculate cell and line sizes.

Overfull \hbox (0.98067pt too wide) in paragraph at lines 152--152
[]\T1/phv/m/sl/10 next[] 
 []


Overfull \hbox (0.98067pt too wide) in paragraph at lines 152--152
[]\T1/phv/m/sl/10 next[] 
 []

> Step: build the whole table.

Overfull \hbox (0.98067pt too wide) in paragraph at lines 152--152
[]\T1/phv/m/sl/10 next[] 
 []

> Step: init table outer spec.
> Step: parse table options.
> Step: split table.
> Step: init table inner spec.
> Step: parse table inner spec.
> Step: execute table commands.
> Step: calculate cell and line sizes.
> Step: build the whole table.
> Step: init table outer spec.
> Step: parse table options.
> Step: split table.
> Step: init table inner spec.
> Step: parse table inner spec.
> Step: execute table commands.
> Step: calculate cell and line sizes.
> Step: build the whole table.
> Step: init table outer spec.
> Step: parse table options.
> Step: split table.
> Step: init table inner spec.
> Step: parse table inner spec.
> Step: execute table commands.
> Step: calculate cell and line sizes.
> Step: build the whole table.
> Step: init table outer spec.
> Step: parse table options.
> Step: split table.
> Step: init table inner spec.
> Step: parse table inner spec.
> Step: execute table commands.
> Step: calculate cell and line sizes.
> Step: build the whole table.
[66]) (./classLinearQuadraticRegulator.tex
> Step: init table outer spec.
> Step: parse table options.
> Step: split table.
> Step: init table inner spec.
> Step: parse table inner spec.
> Step: execute table commands.
> Step: calculate cell and line sizes.
> Step: build the whole table.
> Step: init table outer spec.
> Step: parse table options.
> Step: split table.
> Step: init table inner spec.
> Step: parse table inner spec.
> Step: execute table commands.
> Step: calculate cell and line sizes.
> Step: build the whole table.
 [67]
> Step: init table outer spec.
> Step: parse table options.
> Step: split table.
> Step: init table inner spec.
> Step: parse table inner spec.
> Step: execute table commands.
> Step: calculate cell and line sizes.
> Step: build the whole table.
> Step: init table outer spec.
> Step: parse table options.
> Step: split table.
> Step: init table inner spec.
> Step: parse table inner spec.
> Step: execute table commands.
> Step: calculate cell and line sizes.
> Step: build the whole table.
> Step: init table outer spec.
> Step: parse table options.
> Step: split table.
> Step: init table inner spec.
> Step: parse table inner spec.
> Step: execute table commands.
> Step: calculate cell and line sizes.
> Step: build the whole table.
> Step: init table outer spec.
> Step: parse table options.
> Step: split table.
> Step: init table inner spec.
> Step: parse table inner spec.
> Step: execute table commands.
> Step: calculate cell and line sizes.
> Step: build the whole table.
> Step: init table outer spec.
> Step: parse table options.
> Step: split table.
> Step: init table inner spec.
> Step: parse table inner spec.
> Step: execute table commands.
> Step: calculate cell and line sizes.
> Step: build the whole table.
> Step: init table outer spec.
> Step: parse table options.
> Step: split table.
> Step: init table inner spec.
> Step: parse table inner spec.
> Step: execute table commands.
> Step: calculate cell and line sizes.
> Step: build the whole table.
 [68]
> Step: init table outer spec.
> Step: parse table options.
> Step: split table.
> Step: init table inner spec.
> Step: parse table inner spec.
> Step: execute table commands.
> Step: calculate cell and line sizes.
> Step: build the whole table.
> Step: init table outer spec.
> Step: parse table options.
> Step: split table.
> Step: init table inner spec.
> Step: parse table inner spec.
> Step: execute table commands.
> Step: calculate cell and line sizes.
> Step: build the whole table.
> Step: init table outer spec.
> Step: parse table options.
> Step: split table.
> Step: init table inner spec.
> Step: parse table inner spec.
> Step: execute table commands.
> Step: calculate cell and line sizes.
> Step: build the whole table.
> Step: init table outer spec.
> Step: parse table options.
> Step: split table.
> Step: init table inner spec.
> Step: parse table inner spec.
> Step: execute table commands.
> Step: calculate cell and line sizes.
> Step: build the whole table.
> Step: init table outer spec.
> Step: parse table options.
> Step: split table.
> Step: init table inner spec.
> Step: parse table inner spec.
> Step: execute table commands.
> Step: calculate cell and line sizes.
> Step: build the whole table.
> Step: init table outer spec.
> Step: parse table options.
> Step: split table.
> Step: init table inner spec.
> Step: parse table inner spec.
> Step: execute table commands.
> Step: calculate cell and line sizes.
> Step: build the whole table.
 [69]
> Step: init table outer spec.
> Step: parse table options.
> Step: split table.
> Step: init table inner spec.
> Step: parse table inner spec.
> Step: execute table commands.
> Step: calculate cell and line sizes.
> Step: build the whole table.
> Step: init table outer spec.
> Step: parse table options.
> Step: split table.
> Step: init table inner spec.
> Step: parse table inner spec.
> Step: execute table commands.
> Step: calculate cell and line sizes.
> Step: build the whole table.
)
(./classLinearSystem.tex
> Step: init table outer spec.
> Step: parse table options.
> Step: split table.
> Step: init table inner spec.
> Step: parse table inner spec.
> Step: execute table commands.
> Step: calculate cell and line sizes.
> Step: build the whole table.
> Step: init table outer spec.
> Step: parse table options.
> Step: split table.
> Step: init table inner spec.
> Step: parse table inner spec.
> Step: execute table commands.
> Step: calculate cell and line sizes.
> Step: build the whole table.
 [70]
> Step: init table outer spec.
> Step: parse table options.
> Step: split table.
> Step: init table inner spec.
> Step: parse table inner spec.
> Step: execute table commands.
> Step: calculate cell and line sizes.
> Step: build the whole table.
> Step: init table outer spec.
> Step: parse table options.
> Step: split table.
> Step: init table inner spec.
> Step: parse table inner spec.
> Step: execute table commands.
> Step: calculate cell and line sizes.
> Step: build the whole table.

Underfull \hbox (badness 10000) detected at line 102
[][][]
 []

[71]
> Step: init table outer spec.
> Step: parse table options.
> Step: split table.
> Step: init table inner spec.
> Step: parse table inner spec.
> Step: execute table commands.
> Step: calculate cell and line sizes.
> Step: build the whole table.
> Step: init table outer spec.
> Step: parse table options.
> Step: split table.
> Step: init table inner spec.
> Step: parse table inner spec.
> Step: execute table commands.
> Step: calculate cell and line sizes.
> Step: build the whole table.

Underfull \hbox (badness 10000) detected at line 121
[][][]
 []


Underfull \hbox (badness 10000) in paragraph at lines 135--137
\T1/pcr/m/n/8 const std::[]tuple$\OML/cmm/m/it/8 <$ \T1/pcr/m/n/8 std::[]tuple$
\OML/cmm/m/it/8 <$ \T1/pcr/m/n/8 MatrixA, MatrixB $\OML/cmm/m/it/8 >$ $>$ \T1/p
cr/m/n/8 & []$\OML/cmm/m/it/8 <$ \T1/pcr/m/n/8 STATES, INPUTS, OUTPUTS
 []

) (./classLogger.tex [72]
LaTeX Font Info:    Font shape `TS1/phv/m/it' in size <9> not available
(Font)              Font shape `TS1/phv/m/sl' tried instead on input line 40.
LaTeX Font Info:    Font shape `TS1/phv/m/sl' will be
(Font)              scaled to size 8.09995pt on input line 40.
> Step: init table outer spec.
> Step: parse table options.
> Step: split table.
> Step: init table inner spec.
> Step: parse table inner spec.
> Step: execute table commands.
> Step: calculate cell and line sizes.
> Step: build the whole table.
> Step: init table outer spec.
> Step: parse table options.
> Step: split table.
> Step: init table inner spec.
> Step: parse table inner spec.
> Step: execute table commands.
> Step: calculate cell and line sizes.
> Step: build the whole table.
> Step: init table outer spec.
> Step: parse table options.
> Step: split table.
> Step: init table inner spec.
> Step: parse table inner spec.
> Step: execute table commands.
> Step: calculate cell and line sizes.
> Step: build the whole table.
> Step: init table outer spec.
> Step: parse table options.
> Step: split table.
> Step: init table inner spec.
> Step: parse table inner spec.
> Step: execute table commands.
> Step: calculate cell and line sizes.
> Step: build the whole table.
 [73]
> Step: init table outer spec.
> Step: parse table options.
> Step: split table.
> Step: init table inner spec.
> Step: parse table inner spec.
> Step: execute table commands.
> Step: calculate cell and line sizes.
> Step: build the whole table.
> Step: init table outer spec.
> Step: parse table options.
> Step: split table.
> Step: init table inner spec.
> Step: parse table inner spec.
> Step: execute table commands.
> Step: calculate cell and line sizes.
> Step: build the whole table.
> Step: init table outer spec.
> Step: parse table options.
> Step: split table.
> Step: init table inner spec.
> Step: parse table inner spec.
> Step: execute table commands.
> Step: calculate cell and line sizes.
> Step: build the whole table.
> Step: init table outer spec.
> Step: parse table options.
> Step: split table.
> Step: init table inner spec.
> Step: parse table inner spec.
> Step: execute table commands.
> Step: calculate cell and line sizes.
> Step: build the whole table.
> Step: init table outer spec.
> Step: parse table options.
> Step: split table.
> Step: init table inner spec.
> Step: parse table inner spec.
> Step: execute table commands.
> Step: calculate cell and line sizes.
> Step: build the whole table.
> Step: init table outer spec.
> Step: parse table options.
> Step: split table.
> Step: init table inner spec.
> Step: parse table inner spec.
> Step: execute table commands.
> Step: calculate cell and line sizes.
> Step: build the whole table.
> Step: init table outer spec.
> Step: parse table options.
> Step: split table.
> Step: init table inner spec.
> Step: parse table inner spec.
> Step: execute table commands.
> Step: calculate cell and line sizes.
> Step: build the whole table.
> Step: init table outer spec.
> Step: parse table options.
> Step: split table.
> Step: init table inner spec.
> Step: parse table inner spec.
> Step: execute table commands.
> Step: calculate cell and line sizes.
> Step: build the whole table.
 [74]
> Step: init table outer spec.
> Step: parse table options.
> Step: split table.
> Step: init table inner spec.
> Step: parse table inner spec.
> Step: execute table commands.
> Step: calculate cell and line sizes.
> Step: build the whole table.
> Step: init table outer spec.
> Step: parse table options.
> Step: split table.
> Step: init table inner spec.
> Step: parse table inner spec.
> Step: execute table commands.
> Step: calculate cell and line sizes.
> Step: build the whole table.
)
(./structMotionController_1_1m__profile__cfg__t.tex) (./classMaybeMessage.tex
[75]
> Step: init table outer spec.
> Step: parse table options.
> Step: split table.
> Step: init table inner spec.
> Step: parse table inner spec.
> Step: execute table commands.
> Step: calculate cell and line sizes.


Package tabularray Warning: Table width is too small, need 205.70422pt more!

> Step: build the whole table.
> Step: init table outer spec.
> Step: parse table options.
> Step: split table.
> Step: init table inner spec.
> Step: parse table inner spec.
> Step: execute table commands.
> Step: calculate cell and line sizes.

Underfull \hbox (badness 10000) in paragraph at lines 41--41
[]\T1/phv/m/n/10 The sys-tem that this is the base class of \T1/pcr/m/n/10 clas
s Thing :[] public State[]
 []


Underfull \hbox (badness 10000) in paragraph at lines 41--41
\T1/pcr/m/n/10 Machine$\OML/cmm/m/it/10 <$\T1/pcr/m/n/10 Thing$\OML/cmm/m/it/10
 >$ \T1/pcr/m/n/10 @tparam IDType The ID enum that recognizes
 []


Underfull \hbox (badness 10000) in paragraph at lines 41--41
[]\T1/phv/m/n/10 The sys-tem that this is the base class of \T1/pcr/m/n/10 clas
s Thing :[] public State[]
 []


Underfull \hbox (badness 10000) in paragraph at lines 41--41
\T1/pcr/m/n/10 Machine$\OML/cmm/m/it/10 <$\T1/pcr/m/n/10 Thing$\OML/cmm/m/it/10
 >$ \T1/pcr/m/n/10 @tparam IDType The ID enum that recognizes
 []

> Step: build the whole table.

Underfull \hbox (badness 10000) in paragraph at lines 41--41
[]\T1/phv/m/n/10 The sys-tem that this is the base class of \T1/pcr/m/n/10 clas
s Thing :[] public State[]
 []


Underfull \hbox (badness 10000) in paragraph at lines 41--41
\T1/pcr/m/n/10 Machine$\OML/cmm/m/it/10 <$\T1/pcr/m/n/10 Thing$\OML/cmm/m/it/10
 >$ \T1/pcr/m/n/10 @tparam IDType The ID enum that recognizes
 []

> Step: init table outer spec.
> Step: parse table options.
> Step: split table.
> Step: init table inner spec.
> Step: parse table inner spec.
> Step: execute table commands.
> Step: calculate cell and line sizes.
> Step: build the whole table.
> Step: init table outer spec.
> Step: parse table options.
> Step: split table.
> Step: init table inner spec.
> Step: parse table inner spec.
> Step: execute table commands.
> Step: calculate cell and line sizes.
> Step: build the whole table.
[76]
Underfull \hbox (badness 10000) detected at line 79
[][][]
 []


Underfull \hbox (badness 10000) detected at line 92
[][][]
 []

) (./classMecanumDrive.tex [77]
> Step: init table outer spec.
> Step: parse table options.
> Step: split table.
> Step: init table inner spec.
> Step: parse table inner spec.
> Step: execute table commands.
> Step: calculate cell and line sizes.


Package tabularray Warning: Table width is too small, need 140.66058pt more!

> Step: build the whole table.
> Step: init table outer spec.
> Step: parse table options.
> Step: split table.
> Step: init table inner spec.
> Step: parse table inner spec.
> Step: execute table commands.
> Step: calculate cell and line sizes.
> Step: build the whole table.
> Step: init table outer spec.
> Step: parse table options.
> Step: split table.
> Step: init table inner spec.
> Step: parse table inner spec.
> Step: execute table commands.
> Step: calculate cell and line sizes.

Package tabularray Warning: Table width is too small, need 143.16248pt more!

> Step: build the whole table.
> Step: init table outer spec.
> Step: parse table options.
> Step: split table.
> Step: init table inner spec.
> Step: parse table inner spec.
> Step: execute table commands.
> Step: calculate cell and line sizes.
> Step: build the whole table.
[78]
Underfull \hbox (badness 10000) detected at line 76
[][][]
 []

> Step: init table outer spec.
> Step: parse table options.
> Step: split table.
> Step: init table inner spec.
> Step: parse table inner spec.
> Step: execute table commands.
> Step: calculate cell and line sizes.

Package tabularray Warning: Table width is too small, need 203.78549pt more!

> Step: build the whole table.
> Step: init table outer spec.
> Step: parse table options.
> Step: split table.
> Step: init table inner spec.
> Step: parse table inner spec.
> Step: execute table commands.
> Step: calculate cell and line sizes.
> Step: build the whole table.

Underfull \hbox (badness 10000) detected at line 94
[][][]
 []

> Step: init table outer spec.
> Step: parse table options.
> Step: split table.
> Step: init table inner spec.
> Step: parse table inner spec.
> Step: execute table commands.
> Step: calculate cell and line sizes.

Package tabularray Warning: Table width is too small, need 206.28738pt more!

> Step: build the whole table.
> Step: init table outer spec.
> Step: parse table options.
> Step: split table.
> Step: init table inner spec.
> Step: parse table inner spec.
> Step: execute table commands.
> Step: calculate cell and line sizes.
> Step: build the whole table.

Underfull \hbox (badness 10000) detected at line 106
[][][]
 []

> Step: init table outer spec.
> Step: parse table options.
> Step: split table.
> Step: init table inner spec.
> Step: parse table inner spec.
> Step: execute table commands.
> Step: calculate cell and line sizes.

Package tabularray Warning: Table width is too small, need 190.48369pt more!

> Step: build the whole table.
> Step: init table outer spec.
> Step: parse table options.
> Step: split table.
> Step: init table inner spec.
> Step: parse table inner spec.
> Step: execute table commands.
> Step: calculate cell and line sizes.
> Step: build the whole table.
[79]
> Step: init table outer spec.
> Step: parse table options.
> Step: split table.
> Step: init table inner spec.
> Step: parse table inner spec.
> Step: execute table commands.
> Step: calculate cell and line sizes.


Package tabularray Warning: Table width is too small, need 192.98558pt more!

> Step: build the whole table.
> Step: init table outer spec.
> Step: parse table options.
> Step: split table.
> Step: init table inner spec.
> Step: parse table inner spec.
> Step: execute table commands.
> Step: calculate cell and line sizes.
> Step: build the whole table.
> Step: init table outer spec.
> Step: parse table options.
> Step: split table.
> Step: init table inner spec.
> Step: parse table inner spec.
> Step: execute table commands.
> Step: calculate cell and line sizes.

Package tabularray Warning: Table width is too small, need 97.77724pt more!

> Step: build the whole table.
> Step: init table outer spec.
> Step: parse table options.
> Step: split table.
> Step: init table inner spec.
> Step: parse table inner spec.
> Step: execute table commands.
> Step: calculate cell and line sizes.
> Step: build the whole table.
) (./structMecanumDrive_1_1mecanumdrive__config__t.tex [80])
(./classMotionController.tex
Package epstopdf Info: Source file: <classMotionController.eps>
(epstopdf)                    date: 2026-07-23 23:44:36
(epstopdf)                    size: 3790 bytes
(epstopdf)             Output file: <classMotionController-eps-converted-to.pdf
>
(epstopdf)                    date: 2026-07-23 23:45:00
(epstopdf)                    size: 5237 bytes
(epstopdf)             Command: <repstopdf --outfile=classMotionController-eps-
converted-to.pdf classMotionController.eps>
(epstopdf)             \includegraphics on input line 10.
Package epstopdf Info: Output file is already uptodate.
 <./classMotionController-eps-converted-to.pdf>
<classMotionController-eps-converted-to.pdf, id=4238, 501.875pt x 352.1958pt>
File: classMotionController-eps-converted-to.pdf Graphic file (type pdf)
<use classMotionController-eps-converted-to.pdf>
Package pdftex.def Info: classMotionController-eps-converted-to.pdf  used on in
put line 10.
(pdftex.def)             Requested size: 81.09041pt x 56.9055pt.

Underfull \hbox (badness 10000) detected at line 53
[][][]
 []

[81]
Underfull \hbox (badness 10000) detected at line 56
[][][]
 []

> Step: init table outer spec.
> Step: parse table options.
> Step: split table.
> Step: init table inner spec.
> Step: parse table inner spec.
> Step: execute table commands.
> Step: calculate cell and line sizes.

Package tabularray Warning: Table width is too small, need 191.4754pt more!

> Step: build the whole table.
> Step: init table outer spec.
> Step: parse table options.
> Step: split table.
> Step: init table inner spec.
> Step: parse table inner spec.
> Step: execute table commands.
> Step: calculate cell and line sizes.
> Step: build the whole table.

Underfull \hbox (badness 10000) detected at line 90
[][][]
 []


Underfull \hbox (badness 10000) detected at line 103
[][][]
 []

[82]
> Step: init table outer spec.
> Step: parse table options.
> Step: split table.
> Step: init table inner spec.
> Step: parse table inner spec.
> Step: execute table commands.
> Step: calculate cell and line sizes.
> Step: build the whole table.
> Step: init table outer spec.
> Step: parse table options.
> Step: split table.
> Step: init table inner spec.
> Step: parse table inner spec.
> Step: execute table commands.
> Step: calculate cell and line sizes.
> Step: build the whole table.

Underfull \hbox (badness 10000) detected at line 133
[][][]
 []

> Step: init table outer spec.
> Step: parse table options.
> Step: split table.
> Step: init table inner spec.
> Step: parse table inner spec.
> Step: execute table commands.
> Step: calculate cell and line sizes.
> Step: build the whole table.
> Step: init table outer spec.
> Step: parse table options.
> Step: split table.
> Step: init table inner spec.
> Step: parse table inner spec.
> Step: execute table commands.
> Step: calculate cell and line sizes.
> Step: build the whole table.
[83]
> Step: init table outer spec.
> Step: parse table options.
> Step: split table.
> Step: init table inner spec.
> Step: parse table inner spec.
> Step: execute table commands.
> Step: calculate cell and line sizes.
> Step: build the whole table.
> Step: init table outer spec.
> Step: parse table options.
> Step: split table.
> Step: init table inner spec.
> Step: parse table inner spec.
> Step: execute table commands.
> Step: calculate cell and line sizes.
> Step: build the whole table.
> Step: init table outer spec.
> Step: parse table options.
> Step: split table.
> Step: init table inner spec.
> Step: parse table inner spec.
> Step: execute table commands.
> Step: calculate cell and line sizes.
> Step: build the whole table.
> Step: init table outer spec.
> Step: parse table options.
> Step: split table.
> Step: init table inner spec.
> Step: parse table inner spec.
> Step: execute table commands.
> Step: calculate cell and line sizes.
> Step: build the whole table.

Underfull \hbox (badness 10000) detected at line 191
[][][]
 []

> Step: init table outer spec.
> Step: parse table options.
> Step: split table.
> Step: init table inner spec.
> Step: parse table inner spec.
> Step: execute table commands.
> Step: calculate cell and line sizes.
> Step: build the whole table.
> Step: init table outer spec.
> Step: parse table options.
> Step: split table.
> Step: init table inner spec.
> Step: parse table inner spec.
> Step: execute table commands.
> Step: calculate cell and line sizes.
> Step: build the whole table.
[84]
Underfull \hbox (badness 10000) detected at line 209
[][][]
 []

) (./classVDP_1_1MotorDataRecord.tex
Package epstopdf Info: Source file: <classVDP_1_1MotorDataRecord.eps>
(epstopdf)                    date: 2026-07-23 23:44:36
(epstopdf)                    size: 3913 bytes
(epstopdf)             Output file: <classVDP_1_1MotorDataRecord-eps-converted-
to.pdf>
(epstopdf)                    date: 2026-07-23 23:45:01
(epstopdf)                    size: 5123 bytes
(epstopdf)             Command: <repstopdf --outfile=classVDP_1_1MotorDataRecor
d-eps-converted-to.pdf classVDP_1_1MotorDataRecord.eps>
(epstopdf)             \includegraphics on input line 10.
Package epstopdf Info: Output file is already uptodate.
 <./classVDP_1_1MotorDataRecord-eps-converted-to.pdf>
<classVDP_1_1MotorDataRecord-eps-converted-to.pdf, id=4347, 501.875pt x 396.220
26pt>
File: classVDP_1_1MotorDataRecord-eps-converted-to.pdf Graphic file (type pdf)
<use classVDP_1_1MotorDataRecord-eps-converted-to.pdf>
Package pdftex.def Info: classVDP_1_1MotorDataRecord-eps-converted-to.pdf  used
 on input line 10.
(pdftex.def)             Requested size: 108.11543pt x 85.35826pt.
 [85]
> Step: init table outer spec.
> Step: parse table options.
> Step: split table.
> Step: init table inner spec.
> Step: parse table inner spec.
> Step: execute table commands.
> Step: calculate cell and line sizes.
> Step: build the whole table.
> Step: init table outer spec.
> Step: parse table options.
> Step: split table.
> Step: init table inner spec.
> Step: parse table inner spec.
> Step: execute table commands.
> Step: calculate cell and line sizes.
> Step: build the whole table.
) (./classMovingAverage.tex
Package epstopdf Info: Source file: <classMovingAverage.eps>
(epstopdf)                    date: 2026-07-23 23:44:36
(epstopdf)                    size: 3780 bytes
(epstopdf)             Output file: <classMovingAverage-eps-converted-to.pdf>
(epstopdf)                    date: 2026-07-23 23:45:02
(epstopdf)                    size: 5103 bytes
(epstopdf)             Command: <repstopdf --outfile=classMovingAverage-eps-con
verted-to.pdf classMovingAverage.eps>
(epstopdf)             \includegraphics on input line 10.
Package epstopdf Info: Output file is already uptodate.
 <./classMovingAverage-eps-converted-to.pdf>
<classMovingAverage-eps-converted-to.pdf, id=4413, 501.875pt x 361.71133pt>
File: classMovingAverage-eps-converted-to.pdf Graphic file (type pdf)
<use classMovingAverage-eps-converted-to.pdf>
Package pdftex.def Info: classMovingAverage-eps-converted-to.pdf  used on input
 line 10.
(pdftex.def)             Requested size: 78.95383pt x 56.9055pt.
 [86]
> Step: init table outer spec.
> Step: parse table options.
> Step: split table.
> Step: init table inner spec.
> Step: parse table inner spec.
> Step: execute table commands.
> Step: calculate cell and line sizes.
> Step: build the whole table.
> Step: init table outer spec.
> Step: parse table options.
> Step: split table.
> Step: init table inner spec.
> Step: parse table inner spec.
> Step: execute table commands.
> Step: calculate cell and line sizes.
> Step: build the whole table.
> Step: init table outer spec.
> Step: parse table options.
> Step: split table.
> Step: init table inner spec.
> Step: parse table inner spec.
> Step: execute table commands.
> Step: calculate cell and line sizes.
> Step: build the whole table.
> Step: init table outer spec.
> Step: parse table options.
> Step: split table.
> Step: init table inner spec.
> Step: parse table inner spec.
> Step: execute table commands.
> Step: calculate cell and line sizes.
> Step: build the whole table.
 [87]
> Step: init table outer spec.
> Step: parse table options.
> Step: split table.
> Step: init table inner spec.
> Step: parse table inner spec.
> Step: execute table commands.
> Step: calculate cell and line sizes.
> Step: build the whole table.
> Step: init table outer spec.
> Step: parse table options.
> Step: split table.
> Step: init table inner spec.
> Step: parse table inner spec.
> Step: execute table commands.
> Step: calculate cell and line sizes.
> Step: build the whole table.

Underfull \hbox (badness 10000) detected at line 92
[][][]
 []


Underfull \hbox (badness 10000) detected at line 101
[][][]
 []


Underfull \hbox (badness 10000) detected at line 104
[][][]
 []

) (./classVDP_1_1Number.tex
Package epstopdf Info: Source file: <classVDP_1_1Number.eps>
(epstopdf)                    date: 2026-07-23 23:44:36
(epstopdf)                    size: 3822 bytes
(epstopdf)             Output file: <classVDP_1_1Number-eps-converted-to.pdf>
(epstopdf)                    date: 2026-07-23 23:45:03
(epstopdf)                    size: 5877 bytes
(epstopdf)             Command: <repstopdf --outfile=classVDP_1_1Number-eps-con
verted-to.pdf classVDP_1_1Number.eps>
(epstopdf)             \includegraphics on input line 10.
Package epstopdf Info: Output file is already uptodate.
 <./classVDP_1_1Number-eps-converted-to.pdf>
<classVDP_1_1Number-eps-converted-to.pdf, id=4469, 501.875pt x 173.05653pt>
File: classVDP_1_1Number-eps-converted-to.pdf Graphic file (type pdf)
<use classVDP_1_1Number-eps-converted-to.pdf>
Package pdftex.def Info: classVDP_1_1Number-eps-converted-to.pdf  used on input
 line 10.
(pdftex.def)             Requested size: 165.02959pt x 56.9055pt.

[88] [89]
> Step: init table outer spec.
> Step: parse table options.
> Step: split table.
> Step: init table inner spec.
> Step: parse table inner spec.
> Step: execute table commands.
> Step: calculate cell and line sizes.
> Step: build the whole table.
> Step: init table outer spec.
> Step: parse table options.
> Step: split table.
> Step: init table inner spec.
> Step: parse table inner spec.
> Step: execute table commands.
> Step: calculate cell and line sizes.
> Step: build the whole table.

Underfull \hbox (badness 10000) detected at line 110
[][][]
 []

> Step: init table outer spec.
> Step: parse table options.
> Step: split table.
> Step: init table inner spec.
> Step: parse table inner spec.
> Step: execute table commands.
> Step: calculate cell and line sizes.
> Step: build the whole table.
> Step: init table outer spec.
> Step: parse table options.
> Step: split table.
> Step: init table inner spec.
> Step: parse table inner spec.
> Step: execute table commands.
> Step: calculate cell and line sizes.
> Step: build the whole table.
[90]
> Step: init table outer spec.
> Step: parse table options.
> Step: split table.
> Step: init table inner spec.
> Step: parse table inner spec.
> Step: execute table commands.
> Step: calculate cell and line sizes.
> Step: build the whole table.
> Step: init table outer spec.
> Step: parse table options.
> Step: split table.
> Step: init table inner spec.
> Step: parse table inner spec.
> Step: execute table commands.
> Step: calculate cell and line sizes.
> Step: build the whole table.
> Step: init table outer spec.
> Step: parse table options.
> Step: split table.
> Step: init table inner spec.
> Step: parse table inner spec.
> Step: execute table commands.
> Step: calculate cell and line sizes.
> Step: build the whole table.
> Step: init table outer spec.
> Step: parse table options.
> Step: split table.
> Step: init table inner spec.
> Step: parse table inner spec.
> Step: execute table commands.
> Step: calculate cell and line sizes.
> Step: build the whole table.
> Step: init table outer spec.
> Step: parse table options.
> Step: split table.
> Step: init table inner spec.
> Step: parse table inner spec.
> Step: execute table commands.
> Step: calculate cell and line sizes.
> Step: build the whole table.
> Step: init table outer spec.
> Step: parse table options.
> Step: split table.
> Step: init table inner spec.
> Step: parse table inner spec.
> Step: execute table commands.
> Step: calculate cell and line sizes.
> Step: build the whole table.
 [91]
> Step: init table outer spec.
> Step: parse table options.
> Step: split table.
> Step: init table inner spec.
> Step: parse table inner spec.
> Step: execute table commands.
> Step: calculate cell and line sizes.
> Step: build the whole table.
> Step: init table outer spec.
> Step: parse table options.
> Step: split table.
> Step: init table inner spec.
> Step: parse table inner spec.
> Step: execute table commands.
> Step: calculate cell and line sizes.
> Step: build the whole table.
> Step: init table outer spec.
> Step: parse table options.
> Step: split table.
> Step: init table inner spec.
> Step: parse table inner spec.
> Step: execute table commands.
> Step: calculate cell and line sizes.
> Step: build the whole table.
> Step: init table outer spec.
> Step: parse table options.
> Step: split table.
> Step: init table inner spec.
> Step: parse table inner spec.
> Step: execute table commands.
> Step: calculate cell and line sizes.
> Step: build the whole table.
) (./classOdometry3Wheel.tex
Package epstopdf Info: Source file: <classOdometry3Wheel.eps>
(epstopdf)                    date: 2026-07-23 23:44:36
(epstopdf)                    size: 3794 bytes
(epstopdf)             Output file: <classOdometry3Wheel-eps-converted-to.pdf>
(epstopdf)                    date: 2026-07-23 23:45:04
(epstopdf)                    size: 5553 bytes
(epstopdf)             Command: <repstopdf --outfile=classOdometry3Wheel-eps-co
nverted-to.pdf classOdometry3Wheel.eps>
(epstopdf)             \includegraphics on input line 10.
Package epstopdf Info: Output file is already uptodate.
 <./classOdometry3Wheel-eps-converted-to.pdf>
<classOdometry3Wheel-eps-converted-to.pdf, id=4599, 501.875pt x 343.16205pt>
File: classOdometry3Wheel-eps-converted-to.pdf Graphic file (type pdf)
<use classOdometry3Wheel-eps-converted-to.pdf>
Package pdftex.def Info: classOdometry3Wheel-eps-converted-to.pdf  used on inpu
t line 10.
(pdftex.def)             Requested size: 83.21933pt x 56.9055pt.
 [92]
Underfull \hbox (badness 10000) detected at line 86
[][][]
 []

[93]
Underfull \hbox (badness 10000) detected at line 89
[][][]
 []

> Step: init table outer spec.
> Step: parse table options.
> Step: split table.
> Step: init table inner spec.
> Step: parse table inner spec.
> Step: execute table commands.
> Step: calculate cell and line sizes.
> Step: build the whole table.
> Step: init table outer spec.
> Step: parse table options.
> Step: split table.
> Step: init table inner spec.
> Step: parse table inner spec.
> Step: execute table commands.
> Step: calculate cell and line sizes.
> Step: build the whole table.
> Step: init table outer spec.
> Step: parse table options.
> Step: split table.
> Step: init table inner spec.
> Step: parse table inner spec.
> Step: execute table commands.
> Step: calculate cell and line sizes.
> Step: build the whole table.
> Step: init table outer spec.
> Step: parse table options.
> Step: split table.
> Step: init table inner spec.
> Step: parse table inner spec.
> Step: execute table commands.
> Step: calculate cell and line sizes.
> Step: build the whole table.
[94]
Underfull \hbox (badness 10000) detected at line 148
[][][]
 []

) (./structOdometry3Wheel_1_1odometry3wheel__cfg__t.tex [95])
(./classOdometryBase.tex
Package epstopdf Info: Source file: <classOdometryBase.eps>
(epstopdf)                    date: 2026-07-23 23:44:36
(epstopdf)                    size: 4006 bytes
(epstopdf)             Output file: <classOdometryBase-eps-converted-to.pdf>
(epstopdf)                    date: 2026-07-23 23:45:05
(epstopdf)                    size: 6229 bytes
(epstopdf)             Command: <repstopdf --outfile=classOdometryBase-eps-conv
erted-to.pdf classOdometryBase.eps>
(epstopdf)             \includegraphics on input line 10.
Package epstopdf Info: Output file is already uptodate.
 <./classOdometryBase-eps-converted-to.pdf>
<classOdometryBase-eps-converted-to.pdf, id=4761, 501.875pt x 114.38734pt>
File: classOdometryBase-eps-converted-to.pdf Graphic file (type pdf)
<use classOdometryBase-eps-converted-to.pdf>
Package pdftex.def Info: classOdometryBase-eps-converted-to.pdf  used on input 
line 10.
(pdftex.def)             Requested size: 249.67331pt x 56.9055pt.
 [96]
Underfull \hbox (badness 10000) detected at line 70
[][][]
 []


Underfull \hbox (badness 10000) detected at line 73
[][][]
 []

> Step: init table outer spec.
> Step: parse table options.
> Step: split table.
> Step: init table inner spec.
> Step: parse table inner spec.
> Step: execute table commands.
> Step: calculate cell and line sizes.
> Step: build the whole table.
> Step: init table outer spec.
> Step: parse table options.
> Step: split table.
> Step: init table inner spec.
> Step: parse table inner spec.
> Step: execute table commands.
> Step: calculate cell and line sizes.
> Step: build the whole table.
> Step: init table outer spec.
> Step: parse table options.
> Step: split table.
> Step: init table inner spec.
> Step: parse table inner spec.
> Step: execute table commands.
> Step: calculate cell and line sizes.
> Step: build the whole table.
> Step: init table outer spec.
> Step: parse table options.
> Step: split table.
> Step: init table inner spec.
> Step: parse table inner spec.
> Step: execute table commands.
> Step: calculate cell and line sizes.
> Step: build the whole table.
[97]
Underfull \hbox (badness 10000) detected at line 112
[][][]
 []


Underfull \hbox (badness 10000) detected at line 127
[][][]
 []


Underfull \hbox (badness 10000) detected at line 136
[][][]
 []


Underfull \hbox (badness 10000) detected at line 145
[][][]
 []


Underfull \hbox (badness 10000) detected at line 154
[][][]
 []

[98]
Underfull \hbox (badness 10000) detected at line 167
[][][]
 []

> Step: init table outer spec.
> Step: parse table options.
> Step: split table.
> Step: init table inner spec.
> Step: parse table inner spec.
> Step: execute table commands.
> Step: calculate cell and line sizes.
> Step: build the whole table.
> Step: init table outer spec.
> Step: parse table options.
> Step: split table.
> Step: init table inner spec.
> Step: parse table inner spec.
> Step: execute table commands.
> Step: calculate cell and line sizes.
> Step: build the whole table.
> Step: init table outer spec.
> Step: parse table options.
> Step: split table.
> Step: init table inner spec.
> Step: parse table inner spec.
> Step: execute table commands.
> Step: calculate cell and line sizes.
> Step: build the whole table.
> Step: init table outer spec.
> Step: parse table options.
> Step: split table.
> Step: init table inner spec.
> Step: parse table inner spec.
> Step: execute table commands.
> Step: calculate cell and line sizes.
> Step: build the whole table.
[99]
Underfull \hbox (badness 10000) detected at line 198
[][][]
 []


Underfull \hbox (badness 10000) detected at line 207
[][][]
 []

[100]) (./classVDP_1_1OdometryControlRecord.tex
Package epstopdf Info: Source file: <classVDP_1_1OdometryControlRecord.eps>
(epstopdf)                    date: 2026-07-23 23:44:36
(epstopdf)                    size: 3925 bytes
(epstopdf)             Output file: <classVDP_1_1OdometryControlRecord-eps-conv
erted-to.pdf>
(epstopdf)                    date: 2026-07-23 23:45:06
(epstopdf)                    size: 5727 bytes
(epstopdf)             Command: <repstopdf --outfile=classVDP_1_1OdometryContro
lRecord-eps-converted-to.pdf classVDP_1_1OdometryControlRecord.eps>
(epstopdf)             \includegraphics on input line 10.
Package epstopdf Info: Output file is already uptodate.
 <./classVDP_1_1OdometryControlRecord-eps-converted-to.pdf>
<classVDP_1_1OdometryControlRecord-eps-converted-to.pdf, id=4912, 501.875pt x 3
18.65047pt>
File: classVDP_1_1OdometryControlRecord-eps-converted-to.pdf Graphic file (type
 pdf)
<use classVDP_1_1OdometryControlRecord-eps-converted-to.pdf>
Package pdftex.def Info: classVDP_1_1OdometryControlRecord-eps-converted-to.pdf
  used on input line 10.
(pdftex.def)             Requested size: 134.43593pt x 85.35826pt.
 [101]
> Step: init table outer spec.
> Step: parse table options.
> Step: split table.
> Step: init table inner spec.
> Step: parse table inner spec.
> Step: execute table commands.
> Step: calculate cell and line sizes.
> Step: build the whole table.
> Step: init table outer spec.
> Step: parse table options.
> Step: split table.
> Step: init table inner spec.
> Step: parse table inner spec.
> Step: execute table commands.
> Step: calculate cell and line sizes.
> Step: build the whole table.
) (./classVDP_1_1OdometryDataRecord.tex
[102]
Package epstopdf Info: Source file: <classVDP_1_1OdometryDataRecord.eps>
(epstopdf)                    date: 2026-07-23 23:44:36
(epstopdf)                    size: 3919 bytes
(epstopdf)             Output file: <classVDP_1_1OdometryDataRecord-eps-convert
ed-to.pdf>
(epstopdf)                    date: 2026-07-23 23:45:07
(epstopdf)                    size: 5440 bytes
(epstopdf)             Command: <repstopdf --outfile=classVDP_1_1OdometryDataRe
cord-eps-converted-to.pdf classVDP_1_1OdometryDataRecord.eps>
(epstopdf)             \includegraphics on input line 10.
Package epstopdf Info: Output file is already uptodate.
 <./classVDP_1_1OdometryDataRecord-eps-converted-to.pdf>
<classVDP_1_1OdometryDataRecord-eps-converted-to.pdf, id=4985, 501.875pt x 346.
1231pt>
File: classVDP_1_1OdometryDataRecord-eps-converted-to.pdf Graphic file (type pd
f)
<use classVDP_1_1OdometryDataRecord-eps-converted-to.pdf>
Package pdftex.def Info: classVDP_1_1OdometryDataRecord-eps-converted-to.pdf  u
sed on input line 10.
(pdftex.def)             Requested size: 123.76836pt x 85.35826pt.
 [103]
> Step: init table outer spec.
> Step: parse table options.
> Step: split table.
> Step: init table inner spec.
> Step: parse table inner spec.
> Step: execute table commands.
> Step: calculate cell and line sizes.
> Step: build the whole table.
> Step: init table outer spec.
> Step: parse table options.
> Step: split table.
> Step: init table inner spec.
> Step: parse table inner spec.
> Step: execute table commands.
> Step: calculate cell and line sizes.
> Step: build the whole table.
)
(./classscreen_1_1OdometryPage.tex
Package epstopdf Info: Source file: <classscreen_1_1OdometryPage.eps>
(epstopdf)                    date: 2026-07-23 23:44:36
(epstopdf)                    size: 3806 bytes
(epstopdf)             Output file: <classscreen_1_1OdometryPage-eps-converted-
to.pdf>
(epstopdf)                    date: 2026-07-23 23:45:07
(epstopdf)                    size: 5488 bytes
(epstopdf)             Command: <repstopdf --outfile=classscreen_1_1OdometryPag
e-eps-converted-to.pdf classscreen_1_1OdometryPage.eps>
(epstopdf)             \includegraphics on input line 15.
Package epstopdf Info: Output file is already uptodate.
 <./classscreen_1_1OdometryPage-eps-converted-to.pdf>
<classscreen_1_1OdometryPage-eps-converted-to.pdf, id=5044, 501.875pt x 269.466
72pt>
File: classscreen_1_1OdometryPage-eps-converted-to.pdf Graphic file (type pdf)
<use classscreen_1_1OdometryPage-eps-converted-to.pdf>
Package pdftex.def Info: classscreen_1_1OdometryPage-eps-converted-to.pdf  used
 on input line 15.
(pdftex.def)             Requested size: 105.97887pt x 56.9055pt.
 [104]
> Step: init table outer spec.
> Step: parse table options.
> Step: split table.
> Step: init table inner spec.
> Step: parse table inner spec.
> Step: execute table commands.
> Step: calculate cell and line sizes.


Package tabularray Warning: Table width is too small, need 94.05965pt more!

> Step: build the whole table.
> Step: init table outer spec.
> Step: parse table options.
> Step: split table.
> Step: init table inner spec.
> Step: parse table inner spec.
> Step: execute table commands.
> Step: calculate cell and line sizes.
> Step: build the whole table.
[105]
Underfull \hbox (badness 10000) detected at line 67
[][][]
 []


Underfull \hbox (badness 10000) detected at line 80
[][][]
 []

) (./classOdometrySerial.tex
Package epstopdf Info: Source file: <classOdometrySerial.eps>
(epstopdf)                    date: 2026-07-23 23:44:36
(epstopdf)                    size: 3794 bytes
(epstopdf)             Output file: <classOdometrySerial-eps-converted-to.pdf>
(epstopdf)                    date: 2026-07-23 23:45:08
(epstopdf)                    size: 5362 bytes
(epstopdf)             Command: <repstopdf --outfile=classOdometrySerial-eps-co
nverted-to.pdf classOdometrySerial.eps>
(epstopdf)             \includegraphics on input line 10.
Package epstopdf Info: Output file is already uptodate.
 <./classOdometrySerial-eps-converted-to.pdf>
<classOdometrySerial-eps-converted-to.pdf, id=5092, 501.875pt x 371.75888pt>
File: classOdometrySerial-eps-converted-to.pdf Graphic file (type pdf)
<use classOdometrySerial-eps-converted-to.pdf>
Package pdftex.def Info: classOdometrySerial-eps-converted-to.pdf  used on inpu
t line 10.
(pdftex.def)             Requested size: 76.81725pt x 56.9055pt.

[106]
Overfull \hbox (69.7374pt too wide) in paragraph at lines 81--82
[][][]\T1/pcr/m/n/10 https:[]/[]/[]rit.[]enterprise.[]slack.[]com/[]files/[][]U
04112[]Y5[]RB6/[][]F080[]M01[]KPA5/[]predictperpindiculars2.[]
 []


Underfull \hbox (badness 10000) detected at line 83
[][][]
 []


Underfull \hbox (badness 10000) detected at line 86
[][][]
 []

[107]
Overfull \hbox (69.7374pt too wide) in paragraph at lines 108--109
[][][]\T1/pcr/m/n/10 https:[]/[]/[]rit.[]enterprise.[]slack.[]com/[]files/[][]U
04112[]Y5[]RB6/[][]F080[]M01[]KPA5/[]predictperpindiculars2.[]
 []


Underfull \hbox (badness 10000) detected at line 110
[][][]
 []


Underfull \hbox (badness 10000) detected at line 113
[][][]
 []

> Step: init table outer spec.
> Step: parse table options.
> Step: split table.
> Step: init table inner spec.
> Step: parse table inner spec.
> Step: execute table commands.
> Step: calculate cell and line sizes.
> Step: build the whole table.
> Step: init table outer spec.
> Step: parse table options.
> Step: split table.
> Step: init table inner spec.
> Step: parse table inner spec.
> Step: execute table commands.
> Step: calculate cell and line sizes.
> Step: build the whole table.

Underfull \hbox (badness 10000) detected at line 136
[][][]
 []


Underfull \hbox (badness 10000) detected at line 139
[][][]
 []

[108]
> Step: init table outer spec.
> Step: parse table options.
> Step: split table.
> Step: init table inner spec.
> Step: parse table inner spec.
> Step: execute table commands.
> Step: calculate cell and line sizes.
> Step: build the whole table.
> Step: init table outer spec.
> Step: parse table options.
> Step: split table.
> Step: init table inner spec.
> Step: parse table inner spec.
> Step: execute table commands.
> Step: calculate cell and line sizes.
> Step: build the whole table.

Underfull \hbox (badness 10000) detected at line 159
[][][]
 []


Underfull \hbox (badness 10000) detected at line 162
[][][]
 []


Underfull \hbox (badness 10000) detected at line 173
[][][]
 []


Underfull \hbox (badness 10000) detected at line 184
[][][]
 []

> Step: init table outer spec.
> Step: parse table options.
> Step: split table.
> Step: init table inner spec.
> Step: parse table inner spec.
> Step: execute table commands.
> Step: calculate cell and line sizes.
> Step: build the whole table.
> Step: init table outer spec.
> Step: parse table options.
> Step: split table.
> Step: init table inner spec.
> Step: parse table inner spec.
> Step: execute table commands.
> Step: calculate cell and line sizes.
> Step: build the whole table.
[109]
Underfull \hbox (badness 10000) detected at line 208
[][][]
 []

> Step: init table outer spec.
> Step: parse table options.
> Step: split table.
> Step: init table inner spec.
> Step: parse table inner spec.
> Step: execute table commands.
> Step: calculate cell and line sizes.
> Step: build the whole table.
> Step: init table outer spec.
> Step: parse table options.
> Step: split table.
> Step: init table inner spec.
> Step: parse table inner spec.
> Step: execute table commands.
> Step: calculate cell and line sizes.
> Step: build the whole table.

Underfull \hbox (badness 10000) detected at line 244
[][][]
 []


Underfull \hbox (badness 10000) detected at line 249
[][][]
 []

) (./classOdometryTank.tex [110]
Package epstopdf Info: Source file: <classOdometryTank.eps>
(epstopdf)                    date: 2026-07-23 23:44:36
(epstopdf)                    size: 3790 bytes
(epstopdf)             Output file: <classOdometryTank-eps-converted-to.pdf>
(epstopdf)                    date: 2026-07-23 23:45:09
(epstopdf)                    size: 5356 bytes
(epstopdf)             Command: <repstopdf --outfile=classOdometryTank-eps-conv
erted-to.pdf classOdometryTank.eps>
(epstopdf)             \includegraphics on input line 10.
Package epstopdf Info: Output file is already uptodate.
 <./classOdometryTank-eps-converted-to.pdf>
<classOdometryTank-eps-converted-to.pdf, id=5247, 501.875pt x 389.80632pt>
File: classOdometryTank-eps-converted-to.pdf Graphic file (type pdf)
<use classOdometryTank-eps-converted-to.pdf>
Package pdftex.def Info: classOdometryTank-eps-converted-to.pdf  used on input 
line 10.
(pdftex.def)             Requested size: 73.26395pt x 56.9055pt.

Underfull \hbox (badness 887) in paragraph at lines 18--20
[][] \T1/phv/m/n/10 ([] &left[]_[]custom[]_[]enc, [] &right[]_[]custom[]_[]enc,
 []
 []

[111]
> Step: init table outer spec.
> Step: parse table options.
> Step: split table.
> Step: init table inner spec.
> Step: parse table inner spec.
> Step: execute table commands.
> Step: calculate cell and line sizes.


Package tabularray Warning: Table width is too small, need 96.06635pt more!

> Step: build the whole table.
> Step: init table outer spec.
> Step: parse table options.
> Step: split table.
> Step: init table inner spec.
> Step: parse table inner spec.
> Step: execute table commands.
> Step: calculate cell and line sizes.
> Step: build the whole table.
> Step: init table outer spec.
> Step: parse table options.
> Step: split table.
> Step: init table inner spec.
> Step: parse table inner spec.
> Step: execute table commands.
> Step: calculate cell and line sizes.

Package tabularray Warning: Table width is too small, need 128.07884pt more!

> Step: build the whole table.
> Step: init table outer spec.
> Step: parse table options.
> Step: split table.
> Step: init table inner spec.
> Step: parse table inner spec.
> Step: execute table commands.
> Step: calculate cell and line sizes.

Underfull \hbox (badness 1675) in paragraph at lines 115--115
[]\T1/phv/m/n/10 the spec-i-fi-ca-tions that sup-ply the odom-e-try with de-scr
ip-tions of the robot. See
 []


Underfull \hbox (badness 1675) in paragraph at lines 115--115
[]\T1/phv/m/n/10 the spec-i-fi-ca-tions that sup-ply the odom-e-try with de-scr
ip-tions of the robot. See
 []

> Step: build the whole table.

Underfull \hbox (badness 1675) in paragraph at lines 115--115
[]\T1/phv/m/n/10 the spec-i-fi-ca-tions that sup-ply the odom-e-try with de-scr
ip-tions of the robot. See
 []

[112]
> Step: init table outer spec.
> Step: parse table options.
> Step: split table.
> Step: init table inner spec.
> Step: parse table inner spec.
> Step: execute table commands.
> Step: calculate cell and line sizes.


Package tabularray Warning: Table width is too small, need 112.58119pt more!

> Step: build the whole table.
> Step: init table outer spec.
> Step: parse table options.
> Step: split table.
> Step: init table inner spec.
> Step: parse table inner spec.
> Step: execute table commands.
> Step: calculate cell and line sizes.
> Step: build the whole table.
> Step: init table outer spec.
> Step: parse table options.
> Step: split table.
> Step: init table inner spec.
> Step: parse table inner spec.
> Step: execute table commands.
> Step: calculate cell and line sizes.
> Step: build the whole table.
> Step: init table outer spec.
> Step: parse table options.
> Step: split table.
> Step: init table inner spec.
> Step: parse table inner spec.
> Step: execute table commands.
> Step: calculate cell and line sizes.
> Step: build the whole table.

Underfull \hbox (badness 10000) detected at line 161
[][][]
 []

[113]) (./classOdomSetPosition.tex
> Step: init table outer spec.
> Step: parse table options.
> Step: split table.
> Step: init table inner spec.
> Step: parse table inner spec.
> Step: execute table commands.
> Step: calculate cell and line sizes.
> Step: build the whole table.
> Step: init table outer spec.
> Step: parse table options.
> Step: split table.
> Step: init table inner spec.
> Step: parse table inner spec.
> Step: execute table commands.
> Step: calculate cell and line sizes.
> Step: build the whole table.
> Step: init table outer spec.
> Step: parse table options.
> Step: split table.
> Step: init table inner spec.
> Step: parse table inner spec.
> Step: execute table commands.
> Step: calculate cell and line sizes.
> Step: build the whole table.
> Step: init table outer spec.
> Step: parse table options.
> Step: split table.
> Step: init table inner spec.
> Step: parse table inner spec.
> Step: execute table commands.
> Step: calculate cell and line sizes.
> Step: build the whole table.
 [114]
Underfull \hbox (badness 10000) detected at line 53
[][][]
 []

) (./structVDP_1_1PacketHeader.tex) (./classVDP_1_1PacketWriter.tex [115]
> Step: init table outer spec.
> Step: parse table options.
> Step: split table.
> Step: init table inner spec.
> Step: parse table inner spec.
> Step: execute table commands.
> Step: calculate cell and line sizes.
> Step: build the whole table.
> Step: init table outer spec.
> Step: parse table options.
> Step: split table.
> Step: init table inner spec.
> Step: parse table inner spec.
> Step: execute table commands.
> Step: calculate cell and line sizes.
> Step: build the whole table.

Underfull \hbox (badness 10000) detected at line 72
[][][]
 []


Underfull \hbox (badness 10000) detected at line 81
[][][]
 []

[116]
> Step: init table outer spec.
> Step: parse table options.
> Step: split table.
> Step: init table inner spec.
> Step: parse table inner spec.
> Step: execute table commands.
> Step: calculate cell and line sizes.
> Step: build the whole table.
> Step: init table outer spec.
> Step: parse table options.
> Step: split table.
> Step: init table inner spec.
> Step: parse table inner spec.
> Step: execute table commands.
> Step: calculate cell and line sizes.
> Step: build the whole table.
> Step: init table outer spec.
> Step: parse table options.
> Step: split table.
> Step: init table inner spec.
> Step: parse table inner spec.
> Step: execute table commands.
> Step: calculate cell and line sizes.
> Step: build the whole table.
> Step: init table outer spec.
> Step: parse table options.
> Step: split table.
> Step: init table inner spec.
> Step: parse table inner spec.
> Step: execute table commands.
> Step: calculate cell and line sizes.
> Step: build the whole table.
> Step: init table outer spec.
> Step: parse table options.
> Step: split table.
> Step: init table inner spec.
> Step: parse table inner spec.
> Step: execute table commands.
> Step: calculate cell and line sizes.
> Step: build the whole table.
> Step: init table outer spec.
> Step: parse table options.
> Step: split table.
> Step: init table inner spec.
> Step: parse table inner spec.
> Step: execute table commands.
> Step: calculate cell and line sizes.
> Step: build the whole table.
> Step: init table outer spec.
> Step: parse table options.
> Step: split table.
> Step: init table inner spec.
> Step: parse table inner spec.
> Step: execute table commands.
> Step: calculate cell and line sizes.
> Step: build the whole table.
> Step: init table outer spec.
> Step: parse table options.
> Step: split table.
> Step: init table inner spec.
> Step: parse table inner spec.
> Step: execute table commands.
> Step: calculate cell and line sizes.
> Step: build the whole table.
 [117]
> Step: init table outer spec.
> Step: parse table options.
> Step: split table.
> Step: init table inner spec.
> Step: parse table inner spec.
> Step: execute table commands.
> Step: calculate cell and line sizes.
> Step: build the whole table.
> Step: init table outer spec.
> Step: parse table options.
> Step: split table.
> Step: init table inner spec.
> Step: parse table inner spec.
> Step: execute table commands.
> Step: calculate cell and line sizes.
> Step: build the whole table.
> Step: init table outer spec.
> Step: parse table options.
> Step: split table.
> Step: init table inner spec.
> Step: parse table inner spec.
> Step: execute table commands.
> Step: calculate cell and line sizes.
> Step: build the whole table.
> Step: init table outer spec.
> Step: parse table options.
> Step: split table.
> Step: init table inner spec.
> Step: parse table inner spec.
> Step: execute table commands.
> Step: calculate cell and line sizes.
> Step: build the whole table.
> Step: init table outer spec.
> Step: parse table options.
> Step: split table.
> Step: init table inner spec.
> Step: parse table inner spec.
> Step: execute table commands.
> Step: calculate cell and line sizes.
> Step: build the whole table.
> Step: init table outer spec.
> Step: parse table options.
> Step: split table.
> Step: init table inner spec.
> Step: parse table inner spec.
> Step: execute table commands.
> Step: calculate cell and line sizes.
> Step: build the whole table.
> Step: init table outer spec.
> Step: parse table options.
> Step: split table.
> Step: init table inner spec.
> Step: parse table inner spec.
> Step: execute table commands.
> Step: calculate cell and line sizes.
> Step: build the whole table.
> Step: init table outer spec.
> Step: parse table options.
> Step: split table.
> Step: init table inner spec.
> Step: parse table inner spec.
> Step: execute table commands.
> Step: calculate cell and line sizes.
> Step: build the whole table.
> Step: init table outer spec.
> Step: parse table options.
> Step: split table.
> Step: init table inner spec.
> Step: parse table inner spec.
> Step: execute table commands.
> Step: calculate cell and line sizes.
> Step: build the whole table.
> Step: init table outer spec.
> Step: parse table options.
> Step: split table.
> Step: init table inner spec.
> Step: parse table inner spec.
> Step: execute table commands.
> Step: calculate cell and line sizes.
> Step: build the whole table.
 [118]
> Step: init table outer spec.
> Step: parse table options.
> Step: split table.
> Step: init table inner spec.
> Step: parse table inner spec.
> Step: execute table commands.
> Step: calculate cell and line sizes.
> Step: build the whole table.
> Step: init table outer spec.
> Step: parse table options.
> Step: split table.
> Step: init table inner spec.
> Step: parse table inner spec.
> Step: execute table commands.
> Step: calculate cell and line sizes.
> Step: build the whole table.
) (./classscreen_1_1Page.tex
Package epstopdf Info: Source file: <classscreen_1_1Page.eps>
(epstopdf)                    date: 2026-07-23 23:44:36
(epstopdf)                    size: 4213 bytes
(epstopdf)             Output file: <classscreen_1_1Page-eps-converted-to.pdf>
(epstopdf)                    date: 2026-07-23 23:45:15
(epstopdf)                    size: 6652 bytes
(epstopdf)             Command: <repstopdf --outfile=classscreen_1_1Page-eps-co
nverted-to.pdf classscreen_1_1Page.eps>
(epstopdf)             \includegraphics on input line 15.
Package epstopdf Info: Output file is already uptodate.
 <./classscreen_1_1Page-eps-converted-to.pdf>
<classscreen_1_1Page-eps-converted-to.pdf, id=5557, 501.875pt x 53.89134pt>
File: classscreen_1_1Page-eps-converted-to.pdf Graphic file (type pdf)
<use classscreen_1_1Page-eps-converted-to.pdf>
Package pdftex.def Info: classscreen_1_1Page-eps-converted-to.pdf  used on inpu
t line 15.
(pdftex.def)             Requested size: 398.34544pt x 42.77464pt.
> Step: init table outer spec.
> Step: parse table options.
> Step: split table.
> Step: init table inner spec.
> Step: parse table inner spec.
> Step: execute table commands.
> Step: calculate cell and line sizes.
> Step: build the whole table.
> Step: init table outer spec.
> Step: parse table options.
> Step: split table.
> Step: init table inner spec.
> Step: parse table inner spec.
> Step: execute table commands.
> Step: calculate cell and line sizes.
> Step: build the whole table.
 [119]
> Step: init table outer spec.
> Step: parse table options.
> Step: split table.
> Step: init table inner spec.
> Step: parse table inner spec.
> Step: execute table commands.
> Step: calculate cell and line sizes.
> Step: build the whole table.
> Step: init table outer spec.
> Step: parse table options.
> Step: split table.
> Step: init table inner spec.
> Step: parse table inner spec.
> Step: execute table commands.
> Step: calculate cell and line sizes.
> Step: build the whole table.
) (./classParallel.tex) (./classVDP_1_1Part.tex
Package epstopdf Info: Source file: <classVDP_1_1Part.eps>
(epstopdf)                    date: 2026-07-23 23:44:36
(epstopdf)                    size: 5413 bytes
(epstopdf)             Output file: <classVDP_1_1Part-eps-converted-to.pdf>
(epstopdf)                    date: 2026-07-23 23:45:15
(epstopdf)                    size: 8565 bytes
(epstopdf)             Command: <repstopdf --outfile=classVDP_1_1Part-eps-conve
rted-to.pdf classVDP_1_1Part.eps>
(epstopdf)             \includegraphics on input line 10.
Package epstopdf Info: Output file is already uptodate.
 <./classVDP_1_1Part-eps-converted-to.pdf>
<classVDP_1_1Part-eps-converted-to.pdf, id=5605, 501.875pt x 580.67943pt>
File: classVDP_1_1Part-eps-converted-to.pdf Graphic file (type pdf)
<use classVDP_1_1Part-eps-converted-to.pdf>
Package pdftex.def Info: classVDP_1_1Part-eps-converted-to.pdf  used on input l
ine 10.
(pdftex.def)             Requested size: 295.10048pt x 341.43306pt.
 [120] [121]
> Step: init table outer spec.
> Step: parse table options.
> Step: split table.
> Step: init table inner spec.
> Step: parse table inner spec.
> Step: execute table commands.
> Step: calculate cell and line sizes.
> Step: build the whole table.
> Step: init table outer spec.
> Step: parse table options.
> Step: split table.
> Step: init table inner spec.
> Step: parse table inner spec.
> Step: execute table commands.
> Step: calculate cell and line sizes.
> Step: build the whole table.
> Step: init table outer spec.
> Step: parse table options.
> Step: split table.
> Step: init table inner spec.
> Step: parse table inner spec.
> Step: execute table commands.
> Step: calculate cell and line sizes.
> Step: build the whole table.
> Step: init table outer spec.
> Step: parse table options.
> Step: split table.
> Step: init table inner spec.
> Step: parse table inner spec.
> Step: execute table commands.
> Step: calculate cell and line sizes.
> Step: build the whole table.

Overfull \hbox (76.13887pt too wide) in paragraph at lines 74--75
[]\T1/phv/m/n/10 Implemented in [], [], [],
 []


Overfull \hbox (24.41573pt too wide) in paragraph at lines 74--75
[]\T1/phv/m/n/10 , [], [],
 []

> Step: init table outer spec.
> Step: parse table options.
> Step: split table.
> Step: init table inner spec.
> Step: parse table inner spec.
> Step: execute table commands.
> Step: calculate cell and line sizes.
> Step: build the whole table.
> Step: init table outer spec.
> Step: parse table options.
> Step: split table.
> Step: init table inner spec.
> Step: parse table inner spec.
> Step: execute table commands.
> Step: calculate cell and line sizes.
> Step: build the whole table.

Overfull \hbox (76.13887pt too wide) in paragraph at lines 91--92
[]\T1/phv/m/n/10 Implemented in [], [], [],
 []


Overfull \hbox (24.41573pt too wide) in paragraph at lines 91--92
[]\T1/phv/m/n/10 , [], [],
 []

[122]
Underfull \hbox (badness 10000) detected at line 99
[][][]
 []


Underfull \hbox (badness 10000) detected at line 110
[][][]
 []

> Step: init table outer spec.
> Step: parse table options.
> Step: split table.
> Step: init table inner spec.
> Step: parse table inner spec.
> Step: execute table commands.
> Step: calculate cell and line sizes.
> Step: build the whole table.
> Step: init table outer spec.
> Step: parse table options.
> Step: split table.
> Step: init table inner spec.
> Step: parse table inner spec.
> Step: execute table commands.
> Step: calculate cell and line sizes.
> Step: build the whole table.

Overfull \hbox (76.13887pt too wide) in paragraph at lines 128--129
[]\T1/phv/m/n/10 Implemented in [], [], [],
 []


Overfull \hbox (24.41573pt too wide) in paragraph at lines 128--129
[]\T1/phv/m/n/10 , [], [],
 []

> Step: init table outer spec.
> Step: parse table options.
> Step: split table.
> Step: init table inner spec.
> Step: parse table inner spec.
> Step: execute table commands.
> Step: calculate cell and line sizes.
> Step: build the whole table.
> Step: init table outer spec.
> Step: parse table options.
> Step: split table.
> Step: init table inner spec.
> Step: parse table inner spec.
> Step: execute table commands.
> Step: calculate cell and line sizes.
> Step: build the whole table.

Overfull \hbox (76.13887pt too wide) in paragraph at lines 143--144
[]\T1/phv/m/n/10 Implemented in [], [], [],
 []


Overfull \hbox (24.41573pt too wide) in paragraph at lines 143--144
[]\T1/phv/m/n/10 , [], [],
 []

> Step: init table outer spec.
> Step: parse table options.
> Step: split table.
> Step: init table inner spec.
> Step: parse table inner spec.
> Step: execute table commands.
> Step: calculate cell and line sizes.
> Step: build the whole table.
> Step: init table outer spec.
> Step: parse table options.
> Step: split table.
> Step: init table inner spec.
> Step: parse table inner spec.
> Step: execute table commands.
> Step: calculate cell and line sizes.
> Step: build the whole table.
[123]
Overfull \hbox (76.13887pt too wide) in paragraph at lines 158--159
[]\T1/phv/m/n/10 Implemented in [], [], [],
 []


Overfull \hbox (24.41573pt too wide) in paragraph at lines 158--159
[]\T1/phv/m/n/10 , [], [],
 []

) (./classPurePursuit_1_1Path.tex
> Step: init table outer spec.
> Step: parse table options.
> Step: split table.
> Step: init table inner spec.
> Step: parse table inner spec.
> Step: execute table commands.
> Step: calculate cell and line sizes.
> Step: build the whole table.
> Step: init table outer spec.
> Step: parse table options.
> Step: split table.
> Step: init table inner spec.
> Step: parse table inner spec.
> Step: execute table commands.
> Step: calculate cell and line sizes.
> Step: build the whole table.
 [124]) (./classPID.tex
Package epstopdf Info: Source file: <classPID.eps>
(epstopdf)                    date: 2026-07-23 23:44:36
(epstopdf)                    size: 3764 bytes
(epstopdf)             Output file: <classPID-eps-converted-to.pdf>
(epstopdf)                    date: 2026-07-23 23:45:18
(epstopdf)                    size: 4758 bytes
(epstopdf)             Command: <repstopdf --outfile=classPID-eps-converted-to.
pdf classPID.eps>
(epstopdf)             \includegraphics on input line 10.
Package epstopdf Info: Output file is already uptodate.
 <./classPID-eps-converted-to.pdf>
<classPID-eps-converted-to.pdf, id=5865, 501.875pt x 528.2937pt>
File: classPID-eps-converted-to.pdf Graphic file (type pdf)
<use classPID-eps-converted-to.pdf>
Package pdftex.def Info: classPID-eps-converted-to.pdf  used on input line 10.
(pdftex.def)             Requested size: 54.05771pt x 56.9055pt.
 [125]
Underfull \hbox (badness 10000) detected at line 68
[][][]
 []


Underfull \hbox (badness 10000) detected at line 71
[][][]
 []

> Step: init table outer spec.
> Step: parse table options.
> Step: split table.
> Step: init table inner spec.
> Step: parse table inner spec.
> Step: execute table commands.
> Step: calculate cell and line sizes.
> Step: build the whole table.
> Step: init table outer spec.
> Step: parse table options.
> Step: split table.
> Step: init table inner spec.
> Step: parse table inner spec.
> Step: execute table commands.
> Step: calculate cell and line sizes.
> Step: build the whole table.
[126]
Underfull \hbox (badness 10000) detected at line 112
[][][]
 []


Underfull \hbox (badness 10000) detected at line 125
[][][]
 []


Underfull \hbox (badness 10000) detected at line 134
[][][]
 []


Underfull \hbox (badness 10000) detected at line 147
[][][]
 []

[127]
Underfull \hbox (badness 10000) detected at line 156
[][][]
 []

> Step: init table outer spec.
> Step: parse table options.
> Step: split table.
> Step: init table inner spec.
> Step: parse table inner spec.
> Step: execute table commands.
> Step: calculate cell and line sizes.
> Step: build the whole table.
> Step: init table outer spec.
> Step: parse table options.
> Step: split table.
> Step: init table inner spec.
> Step: parse table inner spec.
> Step: execute table commands.
> Step: calculate cell and line sizes.
> Step: build the whole table.

Underfull \hbox (badness 10000) detected at line 188
[][][]
 []

[128]
> Step: init table outer spec.
> Step: parse table options.
> Step: split table.
> Step: init table inner spec.
> Step: parse table inner spec.
> Step: execute table commands.
> Step: calculate cell and line sizes.
> Step: build the whole table.
> Step: init table outer spec.
> Step: parse table options.
> Step: split table.
> Step: init table inner spec.
> Step: parse table inner spec.
> Step: execute table commands.
> Step: calculate cell and line sizes.
> Step: build the whole table.
> Step: init table outer spec.
> Step: parse table options.
> Step: split table.
> Step: init table inner spec.
> Step: parse table inner spec.
> Step: execute table commands.
> Step: calculate cell and line sizes.
> Step: build the whole table.
> Step: init table outer spec.
> Step: parse table options.
> Step: split table.
> Step: init table inner spec.
> Step: parse table inner spec.
> Step: execute table commands.
> Step: calculate cell and line sizes.
> Step: build the whole table.
> Step: init table outer spec.
> Step: parse table options.
> Step: split table.
> Step: init table inner spec.
> Step: parse table inner spec.
> Step: execute table commands.
> Step: calculate cell and line sizes.
> Step: build the whole table.
> Step: init table outer spec.
> Step: parse table options.
> Step: split table.
> Step: init table inner spec.
> Step: parse table inner spec.
> Step: execute table commands.
> Step: calculate cell and line sizes.
> Step: build the whole table.

Underfull \hbox (badness 10000) detected at line 240
[][][]
 []

[129]
> Step: init table outer spec.
> Step: parse table options.
> Step: split table.
> Step: init table inner spec.
> Step: parse table inner spec.
> Step: execute table commands.
> Step: calculate cell and line sizes.
> Step: build the whole table.
> Step: init table outer spec.
> Step: parse table options.
> Step: split table.
> Step: init table inner spec.
> Step: parse table inner spec.
> Step: execute table commands.
> Step: calculate cell and line sizes.
> Step: build the whole table.

Underfull \hbox (badness 10000) detected at line 260
[][][]
 []

) (./structPID_1_1pid__config__t.tex [130]) (./classVDP_1_1PIDControlRecord.tex
Package epstopdf Info: Source file: <classVDP_1_1PIDControlRecord.eps>
(epstopdf)                    date: 2026-07-23 23:44:36
(epstopdf)                    size: 3915 bytes
(epstopdf)             Output file: <classVDP_1_1PIDControlRecord-eps-converted
-to.pdf>
(epstopdf)                    date: 2026-07-23 23:45:20
(epstopdf)                    size: 5363 bytes
(epstopdf)             Command: <repstopdf --outfile=classVDP_1_1PIDControlReco
rd-eps-converted-to.pdf classVDP_1_1PIDControlRecord.eps>
(epstopdf)             \includegraphics on input line 10.
Package epstopdf Info: Output file is already uptodate.
 <./classVDP_1_1PIDControlRecord-eps-converted-to.pdf>
<classVDP_1_1PIDControlRecord-eps-converted-to.pdf, id=6153, 501.875pt x 391.07
103pt>
File: classVDP_1_1PIDControlRecord-eps-converted-to.pdf Graphic file (type pdf)

<use classVDP_1_1PIDControlRecord-eps-converted-to.pdf>
Package pdftex.def Info: classVDP_1_1PIDControlRecord-eps-converted-to.pdf  use
d on input line 10.
(pdftex.def)             Requested size: 109.53983pt x 85.35826pt.
 [131]
> Step: init table outer spec.
> Step: parse table options.
> Step: split table.
> Step: init table inner spec.
> Step: parse table inner spec.
> Step: execute table commands.
> Step: calculate cell and line sizes.
> Step: build the whole table.
> Step: init table outer spec.
> Step: parse table options.
> Step: split table.
> Step: init table inner spec.
> Step: parse table inner spec.
> Step: execute table commands.
> Step: calculate cell and line sizes.
> Step: build the whole table.
)
(./classVDP_1_1PIDDataRecord.tex [132]
Package epstopdf Info: Source file: <classVDP_1_1PIDDataRecord.eps>
(epstopdf)                    date: 2026-07-23 23:44:36
(epstopdf)                    size: 3909 bytes
(epstopdf)             Output file: <classVDP_1_1PIDDataRecord-eps-converted-to
.pdf>
(epstopdf)                    date: 2026-07-23 23:45:20
(epstopdf)                    size: 5070 bytes
(epstopdf)             Command: <repstopdf --outfile=classVDP_1_1PIDDataRecord-
eps-converted-to.pdf classVDP_1_1PIDDataRecord.eps>
(epstopdf)             \includegraphics on input line 10.
Package epstopdf Info: Output file is already uptodate.
 <./classVDP_1_1PIDDataRecord-eps-converted-to.pdf>
<classVDP_1_1PIDDataRecord-eps-converted-to.pdf, id=6226, 501.875pt x 433.26868
pt>
File: classVDP_1_1PIDDataRecord-eps-converted-to.pdf Graphic file (type pdf)
<use classVDP_1_1PIDDataRecord-eps-converted-to.pdf>
Package pdftex.def Info: classVDP_1_1PIDDataRecord-eps-converted-to.pdf  used o
n input line 10.
(pdftex.def)             Requested size: 98.87225pt x 85.35826pt.
 [133]
> Step: init table outer spec.
> Step: parse table options.
> Step: split table.
> Step: init table inner spec.
> Step: parse table inner spec.
> Step: execute table commands.
> Step: calculate cell and line sizes.
> Step: build the whole table.
> Step: init table outer spec.
> Step: parse table options.
> Step: split table.
> Step: init table inner spec.
> Step: parse table inner spec.
> Step: execute table commands.
> Step: calculate cell and line sizes.
> Step: build the whole table.
) (./classscreen_1_1PIDPage.tex
Package epstopdf Info: Source file: <classscreen_1_1PIDPage.eps>
(epstopdf)                    date: 2026-07-23 23:44:36
(epstopdf)                    size: 3796 bytes
(epstopdf)             Output file: <classscreen_1_1PIDPage-eps-converted-to.pd
f>
(epstopdf)                    date: 2026-07-23 23:45:21
(epstopdf)                    size: 4926 bytes
(epstopdf)             Command: <repstopdf --outfile=classscreen_1_1PIDPage-eps
-converted-to.pdf classscreen_1_1PIDPage.eps>
(epstopdf)             \includegraphics on input line 15.
Package epstopdf Info: Output file is already uptodate.
 <./classscreen_1_1PIDPage-eps-converted-to.pdf>
<classscreen_1_1PIDPage-eps-converted-to.pdf, id=6294, 501.875pt x 352.1958pt>
File: classscreen_1_1PIDPage-eps-converted-to.pdf Graphic file (type pdf)
<use classscreen_1_1PIDPage-eps-converted-to.pdf>
Package pdftex.def Info: classscreen_1_1PIDPage-eps-converted-to.pdf  used on i
nput line 15.
(pdftex.def)             Requested size: 81.09041pt x 56.9055pt.
 [134]
> Step: init table outer spec.
> Step: parse table options.
> Step: split table.
> Step: init table inner spec.
> Step: parse table inner spec.
> Step: execute table commands.
> Step: calculate cell and line sizes.


Package tabularray Warning: Table width is too small, need 113.58884pt more!

> Step: build the whole table.
> Step: init table outer spec.
> Step: parse table options.
> Step: split table.
> Step: init table inner spec.
> Step: parse table inner spec.
> Step: execute table commands.
> Step: calculate cell and line sizes.
> Step: build the whole table.

Underfull \hbox (badness 10000) detected at line 65
[][][]
 []

[135]
Underfull \hbox (badness 10000) detected at line 78
[][][]
 []

) (./classPose2d.tex [136]
> Step: init table outer spec.
> Step: parse table options.
> Step: split table.
> Step: init table inner spec.
> Step: parse table inner spec.
> Step: execute table commands.
> Step: calculate cell and line sizes.
> Step: build the whole table.
> Step: init table outer spec.
> Step: parse table options.
> Step: split table.
> Step: init table inner spec.
> Step: parse table inner spec.
> Step: execute table commands.
> Step: calculate cell and line sizes.
> Step: build the whole table.
> Step: init table outer spec.
> Step: parse table options.
> Step: split table.
> Step: init table inner spec.
> Step: parse table inner spec.
> Step: execute table commands.
> Step: calculate cell and line sizes.
> Step: build the whole table.
> Step: init table outer spec.
> Step: parse table options.
> Step: split table.
> Step: init table inner spec.
> Step: parse table inner spec.
> Step: execute table commands.
> Step: calculate cell and line sizes.
> Step: build the whole table.
> Step: init table outer spec.
> Step: parse table options.
> Step: split table.
> Step: init table inner spec.
> Step: parse table inner spec.
> Step: execute table commands.
> Step: calculate cell and line sizes.
> Step: build the whole table.
> Step: init table outer spec.
> Step: parse table options.
> Step: split table.
> Step: init table inner spec.
> Step: parse table inner spec.
> Step: execute table commands.
> Step: calculate cell and line sizes.
> Step: build the whole table.
 [137]
> Step: init table outer spec.
> Step: parse table options.
> Step: split table.
> Step: init table inner spec.
> Step: parse table inner spec.
> Step: execute table commands.
> Step: calculate cell and line sizes.
> Step: build the whole table.
> Step: init table outer spec.
> Step: parse table options.
> Step: split table.
> Step: init table inner spec.
> Step: parse table inner spec.
> Step: execute table commands.
> Step: calculate cell and line sizes.
> Step: build the whole table.
> Step: init table outer spec.
> Step: parse table options.
> Step: split table.
> Step: init table inner spec.
> Step: parse table inner spec.
> Step: execute table commands.
> Step: calculate cell and line sizes.
> Step: build the whole table.
> Step: init table outer spec.
> Step: parse table options.
> Step: split table.
> Step: init table inner spec.
> Step: parse table inner spec.
> Step: execute table commands.
> Step: calculate cell and line sizes.
> Step: build the whole table.
> Step: init table outer spec.
> Step: parse table options.
> Step: split table.
> Step: init table inner spec.
> Step: parse table inner spec.
> Step: execute table commands.
> Step: calculate cell and line sizes.
> Step: build the whole table.
> Step: init table outer spec.
> Step: parse table options.
> Step: split table.
> Step: init table inner spec.
> Step: parse table inner spec.
> Step: execute table commands.
> Step: calculate cell and line sizes.
> Step: build the whole table.
 [138]
Underfull \hbox (badness 10000) detected at line 176
[][][]
 []

> Step: init table outer spec.
> Step: parse table options.
> Step: split table.
> Step: init table inner spec.
> Step: parse table inner spec.
> Step: execute table commands.
> Step: calculate cell and line sizes.
> Step: build the whole table.
> Step: init table outer spec.
> Step: parse table options.
> Step: split table.
> Step: init table inner spec.
> Step: parse table inner spec.
> Step: execute table commands.
> Step: calculate cell and line sizes.
> Step: build the whole table.

Underfull \hbox (badness 10000) detected at line 194
[][][]
 []

> Step: init table outer spec.
> Step: parse table options.
> Step: split table.
> Step: init table inner spec.
> Step: parse table inner spec.
> Step: execute table commands.
> Step: calculate cell and line sizes.
> Step: build the whole table.
> Step: init table outer spec.
> Step: parse table options.
> Step: split table.
> Step: init table inner spec.
> Step: parse table inner spec.
> Step: execute table commands.
> Step: calculate cell and line sizes.
> Step: build the whole table.
> Step: init table outer spec.
> Step: parse table options.
> Step: split table.
> Step: init table inner spec.
> Step: parse table inner spec.
> Step: execute table commands.
> Step: calculate cell and line sizes.
> Step: build the whole table.
> Step: init table outer spec.
> Step: parse table options.
> Step: split table.
> Step: init table inner spec.
> Step: parse table inner spec.
> Step: execute table commands.
> Step: calculate cell and line sizes.
> Step: build the whole table.
[139]
> Step: init table outer spec.
> Step: parse table options.
> Step: split table.
> Step: init table inner spec.
> Step: parse table inner spec.
> Step: execute table commands.
> Step: calculate cell and line sizes.
> Step: build the whole table.
> Step: init table outer spec.
> Step: parse table options.
> Step: split table.
> Step: init table inner spec.
> Step: parse table inner spec.
> Step: execute table commands.
> Step: calculate cell and line sizes.
> Step: build the whole table.
> Step: init table outer spec.
> Step: parse table options.
> Step: split table.
> Step: init table inner spec.
> Step: parse table inner spec.
> Step: execute table commands.
> Step: calculate cell and line sizes.
> Step: build the whole table.
> Step: init table outer spec.
> Step: parse table options.
> Step: split table.
> Step: init table inner spec.
> Step: parse table inner spec.
> Step: execute table commands.
> Step: calculate cell and line sizes.
> Step: build the whole table.
> Step: init table outer spec.
> Step: parse table options.
> Step: split table.
> Step: init table inner spec.
> Step: parse table inner spec.
> Step: execute table commands.
> Step: calculate cell and line sizes.
> Step: build the whole table.
> Step: init table outer spec.
> Step: parse table options.
> Step: split table.
> Step: init table inner spec.
> Step: parse table inner spec.
> Step: execute table commands.
> Step: calculate cell and line sizes.
> Step: build the whole table.

Underfull \hbox (badness 10000) detected at line 262
[][][]
 []

> Step: init table outer spec.
> Step: parse table options.
> Step: split table.
> Step: init table inner spec.
> Step: parse table inner spec.
> Step: execute table commands.
> Step: calculate cell and line sizes.
> Step: build the whole table.
> Step: init table outer spec.
> Step: parse table options.
> Step: split table.
> Step: init table inner spec.
> Step: parse table inner spec.
> Step: execute table commands.
> Step: calculate cell and line sizes.
> Step: build the whole table.
[140]
Underfull \hbox (badness 10000) detected at line 278
[][][]
 []


Underfull \hbox (badness 10000) detected at line 289
[][][]
 []

> Step: init table outer spec.
> Step: parse table options.
> Step: split table.
> Step: init table inner spec.
> Step: parse table inner spec.
> Step: execute table commands.
> Step: calculate cell and line sizes.
> Step: build the whole table.
> Step: init table outer spec.
> Step: parse table options.
> Step: split table.
> Step: init table inner spec.
> Step: parse table inner spec.
> Step: execute table commands.
> Step: calculate cell and line sizes.
> Step: build the whole table.

Underfull \hbox (badness 10000) detected at line 317
[][][]
 []


Underfull \hbox (badness 10000) detected at line 328
[][][]
 []

[141]
Underfull \hbox (badness 10000) detected at line 339
[][][]
 []


Underfull \hbox (badness 10000) detected at line 350
[][][]
 []

) (./classPurePursuitCommand.tex [142]
> Step: init table outer spec.
> Step: parse table options.
> Step: split table.
> Step: init table inner spec.
> Step: parse table inner spec.
> Step: execute table commands.
> Step: calculate cell and line sizes.
> Step: build the whole table.
> Step: init table outer spec.
> Step: parse table options.
> Step: split table.
> Step: init table inner spec.
> Step: parse table inner spec.
> Step: execute table commands.
> Step: calculate cell and line sizes.
> Step: build the whole table.
) (./classVDP_1_1Record.tex [143]
Package epstopdf Info: Source file: <classVDP_1_1Record.eps>
(epstopdf)                    date: 2026-07-23 23:44:36
(epstopdf)                    size: 4567 bytes
(epstopdf)             Output file: <classVDP_1_1Record-eps-converted-to.pdf>
(epstopdf)                    date: 2026-07-23 23:45:26
(epstopdf)                    size: 6591 bytes
(epstopdf)             Command: <repstopdf --outfile=classVDP_1_1Record-eps-con
verted-to.pdf classVDP_1_1Record.eps>
(epstopdf)             \includegraphics on input line 10.
Package epstopdf Info: Output file is already uptodate.
 <./classVDP_1_1Record-eps-converted-to.pdf>
<classVDP_1_1Record-eps-converted-to.pdf, id=6618, 501.875pt x 45.52007pt>
File: classVDP_1_1Record-eps-converted-to.pdf Graphic file (type pdf)
<use classVDP_1_1Record-eps-converted-to.pdf>
Package pdftex.def Info: classVDP_1_1Record-eps-converted-to.pdf  used on input
 line 10.
(pdftex.def)             Requested size: 398.3531pt x 36.13034pt.
> Step: init table outer spec.
> Step: parse table options.
> Step: split table.
> Step: init table inner spec.
> Step: parse table inner spec.
> Step: execute table commands.
> Step: calculate cell and line sizes.
> Step: build the whole table.
> Step: init table outer spec.
> Step: parse table options.
> Step: split table.
> Step: init table inner spec.
> Step: parse table inner spec.
> Step: execute table commands.
> Step: calculate cell and line sizes.
> Step: build the whole table.
 [144]
> Step: init table outer spec.
> Step: parse table options.
> Step: split table.
> Step: init table inner spec.
> Step: parse table inner spec.
> Step: execute table commands.
> Step: calculate cell and line sizes.
> Step: build the whole table.
> Step: init table outer spec.
> Step: parse table options.
> Step: split table.
> Step: init table inner spec.
> Step: parse table inner spec.
> Step: execute table commands.
> Step: calculate cell and line sizes.
> Step: build the whole table.
> Step: init table outer spec.
> Step: parse table options.
> Step: split table.
> Step: init table inner spec.
> Step: parse table inner spec.
> Step: execute table commands.
> Step: calculate cell and line sizes.
> Step: build the whole table.
> Step: init table outer spec.
> Step: parse table options.
> Step: split table.
> Step: init table inner spec.
> Step: parse table inner spec.
> Step: execute table commands.
> Step: calculate cell and line sizes.
> Step: build the whole table.
> Step: init table outer spec.
> Step: parse table options.
> Step: split table.
> Step: init table inner spec.
> Step: parse table inner spec.
> Step: execute table commands.
> Step: calculate cell and line sizes.
> Step: build the whole table.
> Step: init table outer spec.
> Step: parse table options.
> Step: split table.
> Step: init table inner spec.
> Step: parse table inner spec.
> Step: execute table commands.
> Step: calculate cell and line sizes.
> Step: build the whole table.
> Step: init table outer spec.
> Step: parse table options.
> Step: split table.
> Step: init table inner spec.
> Step: parse table inner spec.
> Step: execute table commands.
> Step: calculate cell and line sizes.
> Step: build the whole table.
> Step: init table outer spec.
> Step: parse table options.
> Step: split table.
> Step: init table inner spec.
> Step: parse table inner spec.
> Step: execute table commands.
> Step: calculate cell and line sizes.
> Step: build the whole table.
 [145]
> Step: init table outer spec.
> Step: parse table options.
> Step: split table.
> Step: init table inner spec.
> Step: parse table inner spec.
> Step: execute table commands.
> Step: calculate cell and line sizes.
> Step: build the whole table.
> Step: init table outer spec.
> Step: parse table options.
> Step: split table.
> Step: init table inner spec.
> Step: parse table inner spec.
> Step: execute table commands.
> Step: calculate cell and line sizes.
> Step: build the whole table.
> Step: init table outer spec.
> Step: parse table options.
> Step: split table.
> Step: init table inner spec.
> Step: parse table inner spec.
> Step: execute table commands.
> Step: calculate cell and line sizes.
> Step: build the whole table.
> Step: init table outer spec.
> Step: parse table options.
> Step: split table.
> Step: init table inner spec.
> Step: parse table inner spec.
> Step: execute table commands.
> Step: calculate cell and line sizes.
> Step: build the whole table.
> Step: init table outer spec.
> Step: parse table options.
> Step: split table.
> Step: init table inner spec.
> Step: parse table inner spec.
> Step: execute table commands.
> Step: calculate cell and line sizes.
> Step: build the whole table.
> Step: init table outer spec.
> Step: parse table options.
> Step: split table.
> Step: init table inner spec.
> Step: parse table inner spec.
> Step: execute table commands.
> Step: calculate cell and line sizes.
> Step: build the whole table.
 [146]) (./structRect.tex)
(./classVDP_1_1RegistryListener.tex [147]
> Step: init table outer spec.
> Step: parse table options.
> Step: split table.
> Step: init table inner spec.
> Step: parse table inner spec.
> Step: execute table commands.
> Step: calculate cell and line sizes.
> Step: build the whole table.
> Step: init table outer spec.
> Step: parse table options.
> Step: split table.
> Step: init table inner spec.
> Step: parse table inner spec.
> Step: execute table commands.
> Step: calculate cell and line sizes.
> Step: build the whole table.
> Step: init table outer spec.
> Step: parse table options.
> Step: split table.
> Step: init table inner spec.
> Step: parse table inner spec.
> Step: execute table commands.
> Step: calculate cell and line sizes.
> Step: build the whole table.
> Step: init table outer spec.
> Step: parse table options.
> Step: split table.
> Step: init table inner spec.
> Step: parse table inner spec.
> Step: execute table commands.
> Step: calculate cell and line sizes.
> Step: build the whole table.
> Step: init table outer spec.
> Step: parse table options.
> Step: split table.
> Step: init table inner spec.
> Step: parse table inner spec.
> Step: execute table commands.
> Step: calculate cell and line sizes.
> Step: build the whole table.
> Step: init table outer spec.
> Step: parse table options.
> Step: split table.
> Step: init table inner spec.
> Step: parse table inner spec.
> Step: execute table commands.
> Step: calculate cell and line sizes.
> Step: build the whole table.
 [148]
> Step: init table outer spec.
> Step: parse table options.
> Step: split table.
> Step: init table inner spec.
> Step: parse table inner spec.
> Step: execute table commands.
> Step: calculate cell and line sizes.
> Step: build the whole table.
> Step: init table outer spec.
> Step: parse table options.
> Step: split table.
> Step: init table inner spec.
> Step: parse table inner spec.
> Step: execute table commands.
> Step: calculate cell and line sizes.
> Step: build the whole table.
> Step: init table outer spec.
> Step: parse table options.
> Step: split table.
> Step: init table inner spec.
> Step: parse table inner spec.
> Step: execute table commands.
> Step: calculate cell and line sizes.
> Step: build the whole table.
> Step: init table outer spec.
> Step: parse table options.
> Step: split table.
> Step: init table inner spec.
> Step: parse table inner spec.
> Step: execute table commands.
> Step: calculate cell and line sizes.
> Step: build the whole table.

Underfull \hbox (badness 10000) detected at line 105
[][][]
 []

> Step: init table outer spec.
> Step: parse table options.
> Step: split table.
> Step: init table inner spec.
> Step: parse table inner spec.
> Step: execute table commands.
> Step: calculate cell and line sizes.
> Step: build the whole table.
> Step: init table outer spec.
> Step: parse table options.
> Step: split table.
> Step: init table inner spec.
> Step: parse table inner spec.
> Step: execute table commands.
> Step: calculate cell and line sizes.
> Step: build the whole table.
[149]) (./classResponsePacketVisitor.tex
Package epstopdf Info: Source file: <classResponsePacketVisitor.eps>
(epstopdf)                    date: 2026-07-23 23:44:36
(epstopdf)                    size: 3808 bytes
(epstopdf)             Output file: <classResponsePacketVisitor-eps-converted-t
o.pdf>
(epstopdf)                    date: 2026-07-23 23:45:31
(epstopdf)                    size: 5416 bytes
(epstopdf)             Command: <repstopdf --outfile=classResponsePacketVisitor
-eps-converted-to.pdf classResponsePacketVisitor.eps>
(epstopdf)             \includegraphics on input line 10.
Package epstopdf Info: Output file is already uptodate.
 <./classResponsePacketVisitor-eps-converted-to.pdf>
<classResponsePacketVisitor-eps-converted-to.pdf, id=6872, 501.875pt x 269.4667
2pt>
File: classResponsePacketVisitor-eps-converted-to.pdf Graphic file (type pdf)
<use classResponsePacketVisitor-eps-converted-to.pdf>
Package pdftex.def Info: classResponsePacketVisitor-eps-converted-to.pdf  used 
on input line 10.
(pdftex.def)             Requested size: 105.97887pt x 56.9055pt.
> Step: init table outer spec.
> Step: parse table options.
> Step: split table.
> Step: init table inner spec.
> Step: parse table inner spec.
> Step: execute table commands.
> Step: calculate cell and line sizes.
> Step: build the whole table.
> Step: init table outer spec.
> Step: parse table options.
> Step: split table.
> Step: init table inner spec.
> Step: parse table inner spec.
> Step: execute table commands.
> Step: calculate cell and line sizes.
> Step: build the whole table.
 [150] [151] [152]) (./structrobot__specs__t.tex [153])
(./classRotation2d.tex [154]
> Step: init table outer spec.
> Step: parse table options.
> Step: split table.
> Step: init table inner spec.
> Step: parse table inner spec.
> Step: execute table commands.
> Step: calculate cell and line sizes.
> Step: build the whole table.
> Step: init table outer spec.
> Step: parse table options.
> Step: split table.
> Step: init table inner spec.
> Step: parse table inner spec.
> Step: execute table commands.
> Step: calculate cell and line sizes.
> Step: build the whole table.
> Step: init table outer spec.
> Step: parse table options.
> Step: split table.
> Step: init table inner spec.
> Step: parse table inner spec.
> Step: execute table commands.
> Step: calculate cell and line sizes.
> Step: build the whole table.
> Step: init table outer spec.
> Step: parse table options.
> Step: split table.
> Step: init table inner spec.
> Step: parse table inner spec.
> Step: execute table commands.
> Step: calculate cell and line sizes.
> Step: build the whole table.
> Step: init table outer spec.
> Step: parse table options.
> Step: split table.
> Step: init table inner spec.
> Step: parse table inner spec.
> Step: execute table commands.
> Step: calculate cell and line sizes.
> Step: build the whole table.
> Step: init table outer spec.
> Step: parse table options.
> Step: split table.
> Step: init table inner spec.
> Step: parse table inner spec.
> Step: execute table commands.
> Step: calculate cell and line sizes.
> Step: build the whole table.
 [155]
Underfull \hbox (badness 10000) detected at line 135
[][][]
 []


Underfull \hbox (badness 10000) detected at line 146
[][][]
 []


Underfull \hbox (badness 10000) detected at line 157
[][][]
 []


Underfull \hbox (badness 10000) detected at line 168
[][][]
 []

> Step: init table outer spec.
> Step: parse table options.
> Step: split table.
> Step: init table inner spec.
> Step: parse table inner spec.
> Step: execute table commands.
> Step: calculate cell and line sizes.
> Step: build the whole table.
> Step: init table outer spec.
> Step: parse table options.
> Step: split table.
> Step: init table inner spec.
> Step: parse table inner spec.
> Step: execute table commands.
> Step: calculate cell and line sizes.
> Step: build the whole table.
[156]
Underfull \hbox (badness 10000) detected at line 184
[][][]
 []

> Step: init table outer spec.
> Step: parse table options.
> Step: split table.
> Step: init table inner spec.
> Step: parse table inner spec.
> Step: execute table commands.
> Step: calculate cell and line sizes.
> Step: build the whole table.
> Step: init table outer spec.
> Step: parse table options.
> Step: split table.
> Step: init table inner spec.
> Step: parse table inner spec.
> Step: execute table commands.
> Step: calculate cell and line sizes.
> Step: build the whole table.

Underfull \hbox (badness 10000) detected at line 202
[][][]
 []

> Step: init table outer spec.
> Step: parse table options.
> Step: split table.
> Step: init table inner spec.
> Step: parse table inner spec.
> Step: execute table commands.
> Step: calculate cell and line sizes.
> Step: build the whole table.
> Step: init table outer spec.
> Step: parse table options.
> Step: split table.
> Step: init table inner spec.
> Step: parse table inner spec.
> Step: execute table commands.
> Step: calculate cell and line sizes.
> Step: build the whole table.

Underfull \hbox (badness 10000) detected at line 214
[][][]
 []


Underfull \hbox (badness 10000) detected at line 225
[][][]
 []


Underfull \hbox (badness 10000) detected at line 230
[][][]
 []

> Step: init table outer spec.
> Step: parse table options.
> Step: split table.
> Step: init table inner spec.
> Step: parse table inner spec.
> Step: execute table commands.
> Step: calculate cell and line sizes.
> Step: build the whole table.
> Step: init table outer spec.
> Step: parse table options.
> Step: split table.
> Step: init table inner spec.
> Step: parse table inner spec.
> Step: execute table commands.
> Step: calculate cell and line sizes.
> Step: build the whole table.
[157]
Underfull \hbox (badness 10000) detected at line 246
[][][]
 []

> Step: init table outer spec.
> Step: parse table options.
> Step: split table.
> Step: init table inner spec.
> Step: parse table inner spec.
> Step: execute table commands.
> Step: calculate cell and line sizes.
> Step: build the whole table.
> Step: init table outer spec.
> Step: parse table options.
> Step: split table.
> Step: init table inner spec.
> Step: parse table inner spec.
> Step: execute table commands.
> Step: calculate cell and line sizes.
> Step: build the whole table.

Underfull \hbox (badness 10000) detected at line 262
[][][]
 []

> Step: init table outer spec.
> Step: parse table options.
> Step: split table.
> Step: init table inner spec.
> Step: parse table inner spec.
> Step: execute table commands.
> Step: calculate cell and line sizes.
> Step: build the whole table.
> Step: init table outer spec.
> Step: parse table options.
> Step: split table.
> Step: init table inner spec.
> Step: parse table inner spec.
> Step: execute table commands.
> Step: calculate cell and line sizes.
> Step: build the whole table.

Underfull \hbox (badness 10000) detected at line 278
[][][]
 []


Underfull \hbox (badness 10000) detected at line 289
[][][]
 []

[158]
Underfull \hbox (badness 10000) detected at line 300
[][][]
 []


Underfull \hbox (badness 10000) detected at line 311
[][][]
 []


Underfull \hbox (badness 10000) detected at line 322
[][][]
 []


Underfull \hbox (badness 10000) detected at line 333
[][][]
 []


Underfull \hbox (badness 10000) detected at line 344
[][][]
 []


Underfull \hbox (badness 10000) detected at line 355
[][][]
 []

[159]
Underfull \hbox (badness 10000) detected at line 366
[][][]
 []


Underfull \hbox (badness 10000) detected at line 377
[][][]
 []

) (./classScaledSphericalSimplexSigmaPoints.tex [160]
> Step: init table outer spec.
> Step: parse table options.
> Step: split table.
> Step: init table inner spec.
> Step: parse table inner spec.
> Step: execute table commands.
> Step: calculate cell and line sizes.
> Step: build the whole table.
> Step: init table outer spec.
> Step: parse table options.
> Step: split table.
> Step: init table inner spec.
> Step: parse table inner spec.
> Step: execute table commands.
> Step: calculate cell and line sizes.
> Step: build the whole table.
> Step: init table outer spec.
> Step: parse table options.
> Step: split table.
> Step: init table inner spec.
> Step: parse table inner spec.
> Step: execute table commands.
> Step: calculate cell and line sizes.


Package tabularray Warning: Table width is too small, need 103.90565pt more!

> Step: build the whole table.
> Step: init table outer spec.
> Step: parse table options.
> Step: split table.
> Step: init table inner spec.
> Step: parse table inner spec.
> Step: execute table commands.
> Step: calculate cell and line sizes.
> Step: build the whole table.
[161]
Underfull \hbox (badness 10000) in paragraph at lines 79--81
\T1/pcr/m/n/8 EMat$\OML/cmm/m/it/8 <$ \T1/pcr/m/n/8 STATES, NUM[]_[][]SIGMAS $\
OML/cmm/m/it/8 >$ []$<$ \T1/pcr/m/n/8 STATES $\OML/cmm/m/it/8 >$\T1/pcr/m/n/8 :
:[]square[]_[]root[]_[]sigma[]_[]
 []

> Step: init table outer spec.
> Step: parse table options.
> Step: split table.
> Step: init table inner spec.
> Step: parse table inner spec.
> Step: execute table commands.
> Step: calculate cell and line sizes.
> Step: build the whole table.
> Step: init table outer spec.
> Step: parse table options.
> Step: split table.
> Step: init table inner spec.
> Step: parse table inner spec.
> Step: execute table commands.
> Step: calculate cell and line sizes.
> Step: build the whole table.

Underfull \hbox (badness 10000) detected at line 91
[][][]
 []

> Step: init table outer spec.
> Step: parse table options.
> Step: split table.
> Step: init table inner spec.
> Step: parse table inner spec.
> Step: execute table commands.
> Step: calculate cell and line sizes.
> Step: build the whole table.
> Step: init table outer spec.
> Step: parse table options.
> Step: split table.
> Step: init table inner spec.
> Step: parse table inner spec.
> Step: execute table commands.
> Step: calculate cell and line sizes.
> Step: build the whole table.
[162]
> Step: init table outer spec.
> Step: parse table options.
> Step: split table.
> Step: init table inner spec.
> Step: parse table inner spec.
> Step: execute table commands.
> Step: calculate cell and line sizes.
> Step: build the whole table.
> Step: init table outer spec.
> Step: parse table options.
> Step: split table.
> Step: init table inner spec.
> Step: parse table inner spec.
> Step: execute table commands.
> Step: calculate cell and line sizes.
> Step: build the whole table.
) (./structscreen_1_1ScreenData.tex) (./classSerializer.tex [163]
> Step: init table outer spec.
> Step: parse table options.
> Step: split table.
> Step: init table inner spec.
> Step: parse table inner spec.
> Step: execute table commands.
> Step: calculate cell and line sizes.
> Step: build the whole table.
> Step: init table outer spec.
> Step: parse table options.
> Step: split table.
> Step: init table inner spec.
> Step: parse table inner spec.
> Step: execute table commands.
> Step: calculate cell and line sizes.
> Step: build the whole table.
> Step: init table outer spec.
> Step: parse table options.
> Step: split table.
> Step: init table inner spec.
> Step: parse table inner spec.
> Step: execute table commands.
> Step: calculate cell and line sizes.
> Step: build the whole table.
> Step: init table outer spec.
> Step: parse table options.
> Step: split table.
> Step: init table inner spec.
> Step: parse table inner spec.
> Step: execute table commands.
> Step: calculate cell and line sizes.
> Step: build the whole table.
 [164]
Underfull \hbox (badness 10000) detected at line 85
[][][]
 []

> Step: init table outer spec.
> Step: parse table options.
> Step: split table.
> Step: init table inner spec.
> Step: parse table inner spec.
> Step: execute table commands.
> Step: calculate cell and line sizes.
> Step: build the whole table.
> Step: init table outer spec.
> Step: parse table options.
> Step: split table.
> Step: init table inner spec.
> Step: parse table inner spec.
> Step: execute table commands.
> Step: calculate cell and line sizes.
> Step: build the whole table.

Underfull \hbox (badness 10000) detected at line 105
[][][]
 []

> Step: init table outer spec.
> Step: parse table options.
> Step: split table.
> Step: init table inner spec.
> Step: parse table inner spec.
> Step: execute table commands.
> Step: calculate cell and line sizes.
> Step: build the whole table.
> Step: init table outer spec.
> Step: parse table options.
> Step: split table.
> Step: init table inner spec.
> Step: parse table inner spec.
> Step: execute table commands.
> Step: calculate cell and line sizes.
> Step: build the whole table.

Underfull \hbox (badness 10000) detected at line 125
[][][]
 []

[165]
> Step: init table outer spec.
> Step: parse table options.
> Step: split table.
> Step: init table inner spec.
> Step: parse table inner spec.
> Step: execute table commands.
> Step: calculate cell and line sizes.
> Step: build the whole table.
> Step: init table outer spec.
> Step: parse table options.
> Step: split table.
> Step: init table inner spec.
> Step: parse table inner spec.
> Step: execute table commands.
> Step: calculate cell and line sizes.
> Step: build the whole table.
> Step: init table outer spec.
> Step: parse table options.
> Step: split table.
> Step: init table inner spec.
> Step: parse table inner spec.
> Step: execute table commands.
> Step: calculate cell and line sizes.
> Step: build the whole table.
> Step: init table outer spec.
> Step: parse table options.
> Step: split table.
> Step: init table inner spec.
> Step: parse table inner spec.
> Step: execute table commands.
> Step: calculate cell and line sizes.
> Step: build the whole table.
> Step: init table outer spec.
> Step: parse table options.
> Step: split table.
> Step: init table inner spec.
> Step: parse table inner spec.
> Step: execute table commands.
> Step: calculate cell and line sizes.
> Step: build the whole table.
> Step: init table outer spec.
> Step: parse table options.
> Step: split table.
> Step: init table inner spec.
> Step: parse table inner spec.
> Step: execute table commands.
> Step: calculate cell and line sizes.
> Step: build the whole table.
 [166]
> Step: init table outer spec.
> Step: parse table options.
> Step: split table.
> Step: init table inner spec.
> Step: parse table inner spec.
> Step: execute table commands.
> Step: calculate cell and line sizes.
> Step: build the whole table.
> Step: init table outer spec.
> Step: parse table options.
> Step: split table.
> Step: init table inner spec.
> Step: parse table inner spec.
> Step: execute table commands.
> Step: calculate cell and line sizes.
> Step: build the whole table.
> Step: init table outer spec.
> Step: parse table options.
> Step: split table.
> Step: init table inner spec.
> Step: parse table inner spec.
> Step: execute table commands.
> Step: calculate cell and line sizes.
> Step: build the whole table.
> Step: init table outer spec.
> Step: parse table options.
> Step: split table.
> Step: init table inner spec.
> Step: parse table inner spec.
> Step: execute table commands.
> Step: calculate cell and line sizes.
> Step: build the whole table.

Underfull \hbox (badness 10000) detected at line 223
[][][]
 []

) (./classscreen_1_1SliderWidget.tex [167]
> Step: init table outer spec.
> Step: parse table options.
> Step: split table.
> Step: init table inner spec.
> Step: parse table inner spec.
> Step: execute table commands.
> Step: calculate cell and line sizes.
> Step: build the whole table.
> Step: init table outer spec.
> Step: parse table options.
> Step: split table.
> Step: init table inner spec.
> Step: parse table inner spec.
> Step: execute table commands.
> Step: calculate cell and line sizes.
> Step: build the whole table.
> Step: init table outer spec.
> Step: parse table options.
> Step: split table.
> Step: init table inner spec.
> Step: parse table inner spec.
> Step: execute table commands.
> Step: calculate cell and line sizes.
> Step: build the whole table.
> Step: init table outer spec.
> Step: parse table options.
> Step: split table.
> Step: init table inner spec.
> Step: parse table inner spec.
> Step: execute table commands.
> Step: calculate cell and line sizes.
> Step: build the whole table.
 [168]
Underfull \hbox (badness 10000) detected at line 77
[][][]
 []

) (./classSpinRPMCommand.tex
> Step: init table outer spec.
> Step: parse table options.
> Step: split table.
> Step: init table inner spec.
> Step: parse table inner spec.
> Step: execute table commands.
> Step: calculate cell and line sizes.
> Step: build the whole table.
> Step: init table outer spec.
> Step: parse table options.
> Step: split table.
> Step: init table inner spec.
> Step: parse table inner spec.
> Step: execute table commands.
> Step: calculate cell and line sizes.
> Step: build the whole table.
 [169]
Underfull \hbox (badness 10000) detected at line 46
[][][]
 []

) (./structPurePursuit_1_1spline.tex) (./structState.tex)
(./classscreen_1_1StatsPage.tex
Package epstopdf Info: Source file: <classscreen_1_1StatsPage.eps>
(epstopdf)                    date: 2026-07-23 23:44:36
(epstopdf)                    size: 3800 bytes
(epstopdf)             Output file: <classscreen_1_1StatsPage-eps-converted-to.
pdf>
(epstopdf)                    date: 2026-07-23 23:45:40
(epstopdf)                    size: 5014 bytes
(epstopdf)             Command: <repstopdf --outfile=classscreen_1_1StatsPage-e
ps-converted-to.pdf classscreen_1_1StatsPage.eps>
(epstopdf)             \includegraphics on input line 15.
Package epstopdf Info: Output file is already uptodate.
 <./classscreen_1_1StatsPage-eps-converted-to.pdf>
<classscreen_1_1StatsPage-eps-converted-to.pdf, id=7386, 501.875pt x 331.81966p
t>
File: classscreen_1_1StatsPage-eps-converted-to.pdf Graphic file (type pdf)
<use classscreen_1_1StatsPage-eps-converted-to.pdf>
Package pdftex.def Info: classscreen_1_1StatsPage-eps-converted-to.pdf  used on
 input line 15.
(pdftex.def)             Requested size: 86.0681pt x 56.9055pt.
 [170]
> Step: init table outer spec.
> Step: parse table options.
> Step: split table.
> Step: init table inner spec.
> Step: parse table inner spec.
> Step: execute table commands.
> Step: calculate cell and line sizes.
> Step: build the whole table.
> Step: init table outer spec.
> Step: parse table options.
> Step: split table.
> Step: init table inner spec.
> Step: parse table inner spec.
> Step: execute table commands.
> Step: calculate cell and line sizes.
> Step: build the whole table.

Underfull \hbox (badness 10000) detected at line 61
[][][]
 []

[171]
Underfull \hbox (badness 10000) detected at line 74
[][][]
 []

) (./classVDP_1_1String.tex
Package epstopdf Info: Source file: <classVDP_1_1String.eps>
(epstopdf)                    date: 2026-07-23 23:44:36
(epstopdf)                    size: 3782 bytes
(epstopdf)             Output file: <classVDP_1_1String-eps-converted-to.pdf>
(epstopdf)                    date: 2026-07-23 23:45:41
(epstopdf)                    size: 4971 bytes
(epstopdf)             Command: <repstopdf --outfile=classVDP_1_1String-eps-con
verted-to.pdf classVDP_1_1String.eps>
(epstopdf)             \includegraphics on input line 10.
Package epstopdf Info: Output file is already uptodate.
 <./classVDP_1_1String-eps-converted-to.pdf>
<classVDP_1_1String-eps-converted-to.pdf, id=7423, 501.875pt x 472.3547pt>
File: classVDP_1_1String-eps-converted-to.pdf Graphic file (type pdf)
<use classVDP_1_1String-eps-converted-to.pdf>
Package pdftex.def Info: classVDP_1_1String-eps-converted-to.pdf  used on input
 line 10.
(pdftex.def)             Requested size: 60.4598pt x 56.9055pt.

[172]
> Step: init table outer spec.
> Step: parse table options.
> Step: split table.
> Step: init table inner spec.
> Step: parse table inner spec.
> Step: execute table commands.
> Step: calculate cell and line sizes.
> Step: build the whole table.
> Step: init table outer spec.
> Step: parse table options.
> Step: split table.
> Step: init table inner spec.
> Step: parse table inner spec.
> Step: execute table commands.
> Step: calculate cell and line sizes.
> Step: build the whole table.
> Step: init table outer spec.
> Step: parse table options.
> Step: split table.
> Step: init table inner spec.
> Step: parse table inner spec.
> Step: execute table commands.
> Step: calculate cell and line sizes.
> Step: build the whole table.
> Step: init table outer spec.
> Step: parse table options.
> Step: split table.
> Step: init table inner spec.
> Step: parse table inner spec.
> Step: execute table commands.
> Step: calculate cell and line sizes.
> Step: build the whole table.

Underfull \hbox (badness 10000) detected at line 99
[][][]
 []

> Step: init table outer spec.
> Step: parse table options.
> Step: split table.
> Step: init table inner spec.
> Step: parse table inner spec.
> Step: execute table commands.
> Step: calculate cell and line sizes.
> Step: build the whole table.
> Step: init table outer spec.
> Step: parse table options.
> Step: split table.
> Step: init table inner spec.
> Step: parse table inner spec.
> Step: execute table commands.
> Step: calculate cell and line sizes.
> Step: build the whole table.
[173]
> Step: init table outer spec.
> Step: parse table options.
> Step: split table.
> Step: init table inner spec.
> Step: parse table inner spec.
> Step: execute table commands.
> Step: calculate cell and line sizes.
> Step: build the whole table.
> Step: init table outer spec.
> Step: parse table options.
> Step: split table.
> Step: init table inner spec.
> Step: parse table inner spec.
> Step: execute table commands.
> Step: calculate cell and line sizes.
> Step: build the whole table.
> Step: init table outer spec.
> Step: parse table options.
> Step: split table.
> Step: init table inner spec.
> Step: parse table inner spec.
> Step: execute table commands.
> Step: calculate cell and line sizes.
> Step: build the whole table.
> Step: init table outer spec.
> Step: parse table options.
> Step: split table.
> Step: init table inner spec.
> Step: parse table inner spec.
> Step: execute table commands.
> Step: calculate cell and line sizes.
> Step: build the whole table.
> Step: init table outer spec.
> Step: parse table options.
> Step: split table.
> Step: init table inner spec.
> Step: parse table inner spec.
> Step: execute table commands.
> Step: calculate cell and line sizes.
> Step: build the whole table.
> Step: init table outer spec.
> Step: parse table options.
> Step: split table.
> Step: init table inner spec.
> Step: parse table inner spec.
> Step: execute table commands.
> Step: calculate cell and line sizes.
> Step: build the whole table.
> Step: init table outer spec.
> Step: parse table options.
> Step: split table.
> Step: init table inner spec.
> Step: parse table inner spec.
> Step: execute table commands.
> Step: calculate cell and line sizes.
> Step: build the whole table.
> Step: init table outer spec.
> Step: parse table options.
> Step: split table.
> Step: init table inner spec.
> Step: parse table inner spec.
> Step: execute table commands.
> Step: calculate cell and line sizes.
> Step: build the whole table.
 [174]
> Step: init table outer spec.
> Step: parse table options.
> Step: split table.
> Step: init table inner spec.
> Step: parse table inner spec.
> Step: execute table commands.
> Step: calculate cell and line sizes.
> Step: build the whole table.
> Step: init table outer spec.
> Step: parse table options.
> Step: split table.
> Step: init table inner spec.
> Step: parse table inner spec.
> Step: execute table commands.
> Step: calculate cell and line sizes.
> Step: build the whole table.
> Step: init table outer spec.
> Step: parse table options.
> Step: split table.
> Step: init table inner spec.
> Step: parse table inner spec.
> Step: execute table commands.
> Step: calculate cell and line sizes.
> Step: build the whole table.
> Step: init table outer spec.
> Step: parse table options.
> Step: split table.
> Step: init table inner spec.
> Step: parse table inner spec.
> Step: execute table commands.
> Step: calculate cell and line sizes.
> Step: build the whole table.
) (./classTakeBackHalf.tex
Package epstopdf Info: Source file: <classTakeBackHalf.eps>
(epstopdf)                    date: 2026-07-23 23:44:36
(epstopdf)                    size: 3782 bytes
(epstopdf)             Output file: <classTakeBackHalf-eps-converted-to.pdf>
(epstopdf)                    date: 2026-07-23 23:45:44
(epstopdf)                    size: 4977 bytes
(epstopdf)             Command: <repstopdf --outfile=classTakeBackHalf-eps-conv
erted-to.pdf classTakeBackHalf.eps>
(epstopdf)             \includegraphics on input line 15.
Package epstopdf Info: Output file is already uptodate.
 <./classTakeBackHalf-eps-converted-to.pdf>
<classTakeBackHalf-eps-converted-to.pdf, id=7521, 501.875pt x 409.6906pt>
File: classTakeBackHalf-eps-converted-to.pdf Graphic file (type pdf)
<use classTakeBackHalf-eps-converted-to.pdf>
Package pdftex.def Info: classTakeBackHalf-eps-converted-to.pdf  used on input 
line 15.
(pdftex.def)             Requested size: 69.70299pt x 56.9055pt.
 [175]
Underfull \hbox (badness 10000) detected at line 42
[][][]
 []


Underfull \hbox (badness 10000) detected at line 56
[][][]
 []

> Step: init table outer spec.
> Step: parse table options.
> Step: split table.
> Step: init table inner spec.
> Step: parse table inner spec.
> Step: execute table commands.
> Step: calculate cell and line sizes.
> Step: build the whole table.
> Step: init table outer spec.
> Step: parse table options.
> Step: split table.
> Step: init table inner spec.
> Step: parse table inner spec.
> Step: execute table commands.
> Step: calculate cell and line sizes.
> Step: build the whole table.
[176]
Underfull \hbox (badness 10000) detected at line 92
[][][]
 []

> Step: init table outer spec.
> Step: parse table options.
> Step: split table.
> Step: init table inner spec.
> Step: parse table inner spec.
> Step: execute table commands.
> Step: calculate cell and line sizes.
> Step: build the whole table.
> Step: init table outer spec.
> Step: parse table options.
> Step: split table.
> Step: init table inner spec.
> Step: parse table inner spec.
> Step: execute table commands.
> Step: calculate cell and line sizes.
> Step: build the whole table.
> Step: init table outer spec.
> Step: parse table options.
> Step: split table.
> Step: init table inner spec.
> Step: parse table inner spec.
> Step: execute table commands.
> Step: calculate cell and line sizes.
> Step: build the whole table.
> Step: init table outer spec.
> Step: parse table options.
> Step: split table.
> Step: init table inner spec.
> Step: parse table inner spec.
> Step: execute table commands.
> Step: calculate cell and line sizes.
> Step: build the whole table.

Underfull \hbox (badness 10000) detected at line 131
[][][]
 []

) (./classTankDrive.tex [177]
> Step: init table outer spec.
> Step: parse table options.
> Step: split table.
> Step: init table inner spec.
> Step: parse table inner spec.
> Step: execute table commands.
> Step: calculate cell and line sizes.
> Step: build the whole table.
> Step: init table outer spec.
> Step: parse table options.
> Step: split table.
> Step: init table inner spec.
> Step: parse table inner spec.
> Step: execute table commands.
> Step: calculate cell and line sizes.
> Step: build the whole table.
 [178]
> Step: init table outer spec.
> Step: parse table options.
> Step: split table.
> Step: init table inner spec.
> Step: parse table inner spec.
> Step: execute table commands.
> Step: calculate cell and line sizes.


Package tabularray Warning: Table width is too small, need 51.50009pt more!

> Step: build the whole table.
> Step: init table outer spec.
> Step: parse table options.
> Step: split table.
> Step: init table inner spec.
> Step: parse table inner spec.
> Step: execute table commands.
> Step: calculate cell and line sizes.
> Step: build the whole table.
> Step: init table outer spec.
> Step: parse table options.
> Step: split table.
> Step: init table inner spec.
> Step: parse table inner spec.
> Step: execute table commands.
> Step: calculate cell and line sizes.
> Step: build the whole table.
> Step: init table outer spec.
> Step: parse table options.
> Step: split table.
> Step: init table inner spec.
> Step: parse table inner spec.
> Step: execute table commands.
> Step: calculate cell and line sizes.
> Step: build the whole table.
[179]
> Step: init table outer spec.
> Step: parse table options.
> Step: split table.
> Step: init table inner spec.
> Step: parse table inner spec.
> Step: execute table commands.
> Step: calculate cell and line sizes.
> Step: build the whole table.
> Step: init table outer spec.
> Step: parse table options.
> Step: split table.
> Step: init table inner spec.
> Step: parse table inner spec.
> Step: execute table commands.
> Step: calculate cell and line sizes.
> Step: build the whole table.
> Step: init table outer spec.
> Step: parse table options.
> Step: split table.
> Step: init table inner spec.
> Step: parse table inner spec.
> Step: execute table commands.
> Step: calculate cell and line sizes.
> Step: build the whole table.
> Step: init table outer spec.
> Step: parse table options.
> Step: split table.
> Step: init table inner spec.
> Step: parse table inner spec.
> Step: execute table commands.
> Step: calculate cell and line sizes.
> Step: build the whole table.

Underfull \hbox (badness 10000) detected at line 172
[][][]
 []

> Step: init table outer spec.
> Step: parse table options.
> Step: split table.
> Step: init table inner spec.
> Step: parse table inner spec.
> Step: execute table commands.
> Step: calculate cell and line sizes.

Package tabularray Warning: Table width is too small, need 23.6995pt more!

> Step: build the whole table.
> Step: init table outer spec.
> Step: parse table options.
> Step: split table.
> Step: init table inner spec.
> Step: parse table inner spec.
> Step: execute table commands.
> Step: calculate cell and line sizes.
> Step: build the whole table.
[180]
Underfull \hbox (badness 10000) detected at line 196
[][][]
 []

> Step: init table outer spec.
> Step: parse table options.
> Step: split table.
> Step: init table inner spec.
> Step: parse table inner spec.
> Step: execute table commands.
> Step: calculate cell and line sizes.

Package tabularray Warning: Table width is too small, need 23.6995pt more!

> Step: build the whole table.
> Step: init table outer spec.
> Step: parse table options.
> Step: split table.
> Step: init table inner spec.
> Step: parse table inner spec.
> Step: execute table commands.
> Step: calculate cell and line sizes.
> Step: build the whole table.
> Step: init table outer spec.
> Step: parse table options.
> Step: split table.
> Step: init table inner spec.
> Step: parse table inner spec.
> Step: execute table commands.
> Step: calculate cell and line sizes.
> Step: build the whole table.
> Step: init table outer spec.
> Step: parse table options.
> Step: split table.
> Step: init table inner spec.
> Step: parse table inner spec.
> Step: execute table commands.
> Step: calculate cell and line sizes.
> Step: build the whole table.
> Step: init table outer spec.
> Step: parse table options.
> Step: split table.
> Step: init table inner spec.
> Step: parse table inner spec.
> Step: execute table commands.
> Step: calculate cell and line sizes.
> Step: build the whole table.
> Step: init table outer spec.
> Step: parse table options.
> Step: split table.
> Step: init table inner spec.
> Step: parse table inner spec.
> Step: execute table commands.
> Step: calculate cell and line sizes.
> Step: build the whole table.
[181]
> Step: init table outer spec.
> Step: parse table options.
> Step: split table.
> Step: init table inner spec.
> Step: parse table inner spec.
> Step: execute table commands.
> Step: calculate cell and line sizes.
> Step: build the whole table.
> Step: init table outer spec.
> Step: parse table options.
> Step: split table.
> Step: init table inner spec.
> Step: parse table inner spec.
> Step: execute table commands.
> Step: calculate cell and line sizes.
> Step: build the whole table.
> Step: init table outer spec.
> Step: parse table options.
> Step: split table.
> Step: init table inner spec.
> Step: parse table inner spec.
> Step: execute table commands.
> Step: calculate cell and line sizes.
> Step: build the whole table.
> Step: init table outer spec.
> Step: parse table options.
> Step: split table.
> Step: init table inner spec.
> Step: parse table inner spec.
> Step: execute table commands.
> Step: calculate cell and line sizes.
> Step: build the whole table.

Underfull \hbox (badness 10000) detected at line 282
[][][]
 []

[182]
> Step: init table outer spec.
> Step: parse table options.
> Step: split table.
> Step: init table inner spec.
> Step: parse table inner spec.
> Step: execute table commands.
> Step: calculate cell and line sizes.
> Step: build the whole table.
> Step: init table outer spec.
> Step: parse table options.
> Step: split table.
> Step: init table inner spec.
> Step: parse table inner spec.
> Step: execute table commands.
> Step: calculate cell and line sizes.
> Step: build the whole table.
> Step: init table outer spec.
> Step: parse table options.
> Step: split table.
> Step: init table inner spec.
> Step: parse table inner spec.
> Step: execute table commands.
> Step: calculate cell and line sizes.
> Step: build the whole table.
> Step: init table outer spec.
> Step: parse table options.
> Step: split table.
> Step: init table inner spec.
> Step: parse table inner spec.
> Step: execute table commands.
> Step: calculate cell and line sizes.
> Step: build the whole table.

Underfull \hbox (badness 10000) detected at line 325
[][][]
 []

> Step: init table outer spec.
> Step: parse table options.
> Step: split table.
> Step: init table inner spec.
> Step: parse table inner spec.
> Step: execute table commands.
> Step: calculate cell and line sizes.
> Step: build the whole table.
> Step: init table outer spec.
> Step: parse table options.
> Step: split table.
> Step: init table inner spec.
> Step: parse table inner spec.
> Step: execute table commands.
> Step: calculate cell and line sizes.
> Step: build the whole table.
[183]
Underfull \hbox (badness 10000) detected at line 349
[][][]
 []

> Step: init table outer spec.
> Step: parse table options.
> Step: split table.
> Step: init table inner spec.
> Step: parse table inner spec.
> Step: execute table commands.
> Step: calculate cell and line sizes.
> Step: build the whole table.
> Step: init table outer spec.
> Step: parse table options.
> Step: split table.
> Step: init table inner spec.
> Step: parse table inner spec.
> Step: execute table commands.
> Step: calculate cell and line sizes.
> Step: build the whole table.

Underfull \hbox (badness 10000) detected at line 359
[][][]
 []

> Step: init table outer spec.
> Step: parse table options.
> Step: split table.
> Step: init table inner spec.
> Step: parse table inner spec.
> Step: execute table commands.
> Step: calculate cell and line sizes.
> Step: build the whole table.
> Step: init table outer spec.
> Step: parse table options.
> Step: split table.
> Step: init table inner spec.
> Step: parse table inner spec.
> Step: execute table commands.
> Step: calculate cell and line sizes.
> Step: build the whole table.

Underfull \hbox (badness 10000) detected at line 383
[][][]
 []

> Step: init table outer spec.
> Step: parse table options.
> Step: split table.
> Step: init table inner spec.
> Step: parse table inner spec.
> Step: execute table commands.
> Step: calculate cell and line sizes.
> Step: build the whole table.
> Step: init table outer spec.
> Step: parse table options.
> Step: split table.
> Step: init table inner spec.
> Step: parse table inner spec.
> Step: execute table commands.
> Step: calculate cell and line sizes.
> Step: build the whole table.
[184]
Underfull \hbox (badness 10000) detected at line 399
[][][]
 []

> Step: init table outer spec.
> Step: parse table options.
> Step: split table.
> Step: init table inner spec.
> Step: parse table inner spec.
> Step: execute table commands.
> Step: calculate cell and line sizes.
> Step: build the whole table.
> Step: init table outer spec.
> Step: parse table options.
> Step: split table.
> Step: init table inner spec.
> Step: parse table inner spec.
> Step: execute table commands.
> Step: calculate cell and line sizes.
> Step: build the whole table.
> Step: init table outer spec.
> Step: parse table options.
> Step: split table.
> Step: init table inner spec.
> Step: parse table inner spec.
> Step: execute table commands.
> Step: calculate cell and line sizes.
> Step: build the whole table.
> Step: init table outer spec.
> Step: parse table options.
> Step: split table.
> Step: init table inner spec.
> Step: parse table inner spec.
> Step: execute table commands.
> Step: calculate cell and line sizes.
> Step: build the whole table.
[185]
Underfull \hbox (badness 10000) detected at line 446
[][][]
 []

> Step: init table outer spec.
> Step: parse table options.
> Step: split table.
> Step: init table inner spec.
> Step: parse table inner spec.
> Step: execute table commands.
> Step: calculate cell and line sizes.
> Step: build the whole table.
> Step: init table outer spec.
> Step: parse table options.
> Step: split table.
> Step: init table inner spec.
> Step: parse table inner spec.
> Step: execute table commands.
> Step: calculate cell and line sizes.
> Step: build the whole table.
> Step: init table outer spec.
> Step: parse table options.
> Step: split table.
> Step: init table inner spec.
> Step: parse table inner spec.
> Step: execute table commands.
> Step: calculate cell and line sizes.
> Step: build the whole table.
> Step: init table outer spec.
> Step: parse table options.
> Step: split table.
> Step: init table inner spec.
> Step: parse table inner spec.
> Step: execute table commands.
> Step: calculate cell and line sizes.
> Step: build the whole table.

Underfull \hbox (badness 10000) detected at line 483
[][][]
 []

> Step: init table outer spec.
> Step: parse table options.
> Step: split table.
> Step: init table inner spec.
> Step: parse table inner spec.
> Step: execute table commands.
> Step: calculate cell and line sizes.
> Step: build the whole table.
> Step: init table outer spec.
> Step: parse table options.
> Step: split table.
> Step: init table inner spec.
> Step: parse table inner spec.
> Step: execute table commands.
> Step: calculate cell and line sizes.
> Step: build the whole table.
[186]
> Step: init table outer spec.
> Step: parse table options.
> Step: split table.
> Step: init table inner spec.
> Step: parse table inner spec.
> Step: execute table commands.
> Step: calculate cell and line sizes.
> Step: build the whole table.
> Step: init table outer spec.
> Step: parse table options.
> Step: split table.
> Step: init table inner spec.
> Step: parse table inner spec.
> Step: execute table commands.
> Step: calculate cell and line sizes.
> Step: build the whole table.

Underfull \hbox (badness 10000) detected at line 514
[][][]
 []

> Step: init table outer spec.
> Step: parse table options.
> Step: split table.
> Step: init table inner spec.
> Step: parse table inner spec.
> Step: execute table commands.
> Step: calculate cell and line sizes.
> Step: build the whole table.
> Step: init table outer spec.
> Step: parse table options.
> Step: split table.
> Step: init table inner spec.
> Step: parse table inner spec.
> Step: execute table commands.
> Step: calculate cell and line sizes.
> Step: build the whole table.
> Step: init table outer spec.
> Step: parse table options.
> Step: split table.
> Step: init table inner spec.
> Step: parse table inner spec.
> Step: execute table commands.
> Step: calculate cell and line sizes.
> Step: build the whole table.
> Step: init table outer spec.
> Step: parse table options.
> Step: split table.
> Step: init table inner spec.
> Step: parse table inner spec.
> Step: execute table commands.
> Step: calculate cell and line sizes.
> Step: build the whole table.

Underfull \hbox (badness 10000) detected at line 549
[][][]
 []

[187]) (./classVDP_1_1TestRecord.tex
Package epstopdf Info: Source file: <classVDP_1_1TestRecord.eps>
(epstopdf)                    date: 2026-07-23 23:44:36
(epstopdf)                    size: 3903 bytes
(epstopdf)             Output file: <classVDP_1_1TestRecord-eps-converted-to.pd
f>
(epstopdf)                    date: 2026-07-23 23:46:02
(epstopdf)                    size: 5232 bytes
(epstopdf)             Command: <repstopdf --outfile=classVDP_1_1TestRecord-eps
-converted-to.pdf classVDP_1_1TestRecord.eps>
(epstopdf)             \includegraphics on input line 10.
Package epstopdf Info: Output file is already uptodate.
 <./classVDP_1_1TestRecord-eps-converted-to.pdf>
<classVDP_1_1TestRecord-eps-converted-to.pdf, id=7806, 501.875pt x 519.17964pt>

File: classVDP_1_1TestRecord-eps-converted-to.pdf Graphic file (type pdf)
<use classVDP_1_1TestRecord-eps-converted-to.pdf>
Package pdftex.def Info: classVDP_1_1TestRecord-eps-converted-to.pdf  used on i
nput line 10.
(pdftex.def)             Requested size: 82.50713pt x 85.35826pt.
 [188]) (./classVDP_1_1TimestampedRecord.tex
Package epstopdf Info: Source file: <classVDP_1_1TimestampedRecord.eps>
(epstopdf)                    date: 2026-07-23 23:44:36
(epstopdf)                    size: 3917 bytes
(epstopdf)             Output file: <classVDP_1_1TimestampedRecord-eps-converte
d-to.pdf>
(epstopdf)                    date: 2026-07-23 23:46:03
(epstopdf)                    size: 5603 bytes
(epstopdf)             Command: <repstopdf --outfile=classVDP_1_1TimestampedRec
ord-eps-converted-to.pdf classVDP_1_1TimestampedRecord.eps>
(epstopdf)             \includegraphics on input line 10.
Package epstopdf Info: Output file is already uptodate.
 <./classVDP_1_1TimestampedRecord-eps-converted-to.pdf>
<classVDP_1_1TimestampedRecord-eps-converted-to.pdf, id=7855, 501.875pt x 365.0
0366pt>
File: classVDP_1_1TimestampedRecord-eps-converted-to.pdf Graphic file (type pdf
)
<use classVDP_1_1TimestampedRecord-eps-converted-to.pdf>
Package pdftex.def Info: classVDP_1_1TimestampedRecord-eps-converted-to.pdf  us
ed on input line 10.
(pdftex.def)             Requested size: 117.36629pt x 85.35826pt.
 [189]
> Step: init table outer spec.
> Step: parse table options.
> Step: split table.
> Step: init table inner spec.
> Step: parse table inner spec.
> Step: execute table commands.
> Step: calculate cell and line sizes.
> Step: build the whole table.
> Step: init table outer spec.
> Step: parse table options.
> Step: split table.
> Step: init table inner spec.
> Step: parse table inner spec.
> Step: execute table commands.
> Step: calculate cell and line sizes.
> Step: build the whole table.
) (./structtracking__wheel__cfg__t.tex [190]
Overfull \hbox (69.7374pt too wide) in paragraph at lines 33--34
[][][]\T1/pcr/m/n/10 https:[]/[]/[]rit.[]enterprise.[]slack.[]com/[]files/[][]U
04112[]Y5[]RB6/[][]F080[]M01[]KPA5/[]predictperpindiculars2.[]
 []


Underfull \hbox (badness 10000) detected at line 35
[][][]
 []


Underfull \hbox (badness 10000) detected at line 38
[][][]
 []

[191]) (./classTransform2d.tex [192]
> Step: init table outer spec.
> Step: parse table options.
> Step: split table.
> Step: init table inner spec.
> Step: parse table inner spec.
> Step: execute table commands.
> Step: calculate cell and line sizes.
> Step: build the whole table.
> Step: init table outer spec.
> Step: parse table options.
> Step: split table.
> Step: init table inner spec.
> Step: parse table inner spec.
> Step: execute table commands.
> Step: calculate cell and line sizes.
> Step: build the whole table.
> Step: init table outer spec.
> Step: parse table options.
> Step: split table.
> Step: init table inner spec.
> Step: parse table inner spec.
> Step: execute table commands.
> Step: calculate cell and line sizes.
> Step: build the whole table.
> Step: init table outer spec.
> Step: parse table options.
> Step: split table.
> Step: init table inner spec.
> Step: parse table inner spec.
> Step: execute table commands.
> Step: calculate cell and line sizes.
> Step: build the whole table.
> Step: init table outer spec.
> Step: parse table options.
> Step: split table.
> Step: init table inner spec.
> Step: parse table inner spec.
> Step: execute table commands.
> Step: calculate cell and line sizes.
> Step: build the whole table.
> Step: init table outer spec.
> Step: parse table options.
> Step: split table.
> Step: init table inner spec.
> Step: parse table inner spec.
> Step: execute table commands.
> Step: calculate cell and line sizes.
> Step: build the whole table.
 [193]
> Step: init table outer spec.
> Step: parse table options.
> Step: split table.
> Step: init table inner spec.
> Step: parse table inner spec.
> Step: execute table commands.
> Step: calculate cell and line sizes.
> Step: build the whole table.
> Step: init table outer spec.
> Step: parse table options.
> Step: split table.
> Step: init table inner spec.
> Step: parse table inner spec.
> Step: execute table commands.
> Step: calculate cell and line sizes.
> Step: build the whole table.
> Step: init table outer spec.
> Step: parse table options.
> Step: split table.
> Step: init table inner spec.
> Step: parse table inner spec.
> Step: execute table commands.
> Step: calculate cell and line sizes.
> Step: build the whole table.
> Step: init table outer spec.
> Step: parse table options.
> Step: split table.
> Step: init table inner spec.
> Step: parse table inner spec.
> Step: execute table commands.
> Step: calculate cell and line sizes.
> Step: build the whole table.
> Step: init table outer spec.
> Step: parse table options.
> Step: split table.
> Step: init table inner spec.
> Step: parse table inner spec.
> Step: execute table commands.
> Step: calculate cell and line sizes.
> Step: build the whole table.
> Step: init table outer spec.
> Step: parse table options.
> Step: split table.
> Step: init table inner spec.
> Step: parse table inner spec.
> Step: execute table commands.
> Step: calculate cell and line sizes.
> Step: build the whole table.
 [194]
Underfull \hbox (badness 10000) detected at line 168
[][][]
 []

> Step: init table outer spec.
> Step: parse table options.
> Step: split table.
> Step: init table inner spec.
> Step: parse table inner spec.
> Step: execute table commands.
> Step: calculate cell and line sizes.
> Step: build the whole table.
> Step: init table outer spec.
> Step: parse table options.
> Step: split table.
> Step: init table inner spec.
> Step: parse table inner spec.
> Step: execute table commands.
> Step: calculate cell and line sizes.
> Step: build the whole table.

Underfull \hbox (badness 10000) detected at line 192
[][][]
 []

> Step: init table outer spec.
> Step: parse table options.
> Step: split table.
> Step: init table inner spec.
> Step: parse table inner spec.
> Step: execute table commands.
> Step: calculate cell and line sizes.
> Step: build the whole table.
> Step: init table outer spec.
> Step: parse table options.
> Step: split table.
> Step: init table inner spec.
> Step: parse table inner spec.
> Step: execute table commands.
> Step: calculate cell and line sizes.
> Step: build the whole table.
> Step: init table outer spec.
> Step: parse table options.
> Step: split table.
> Step: init table inner spec.
> Step: parse table inner spec.
> Step: execute table commands.
> Step: calculate cell and line sizes.
> Step: build the whole table.
> Step: init table outer spec.
> Step: parse table options.
> Step: split table.
> Step: init table inner spec.
> Step: parse table inner spec.
> Step: execute table commands.
> Step: calculate cell and line sizes.
> Step: build the whole table.
[195]
Underfull \hbox (badness 10000) detected at line 221
[][][]
 []


Underfull \hbox (badness 10000) detected at line 232
[][][]
 []


Underfull \hbox (badness 10000) detected at line 243
[][][]
 []


Underfull \hbox (badness 10000) detected at line 254
[][][]
 []


Underfull \hbox (badness 10000) detected at line 265
[][][]
 []

[196]) (./classTranslation2d.tex [197]
> Step: init table outer spec.
> Step: parse table options.
> Step: split table.
> Step: init table inner spec.
> Step: parse table inner spec.
> Step: execute table commands.
> Step: calculate cell and line sizes.
> Step: build the whole table.
> Step: init table outer spec.
> Step: parse table options.
> Step: split table.
> Step: init table inner spec.
> Step: parse table inner spec.
> Step: execute table commands.
> Step: calculate cell and line sizes.
> Step: build the whole table.
> Step: init table outer spec.
> Step: parse table options.
> Step: split table.
> Step: init table inner spec.
> Step: parse table inner spec.
> Step: execute table commands.
> Step: calculate cell and line sizes.
> Step: build the whole table.
> Step: init table outer spec.
> Step: parse table options.
> Step: split table.
> Step: init table inner spec.
> Step: parse table inner spec.
> Step: execute table commands.
> Step: calculate cell and line sizes.
> Step: build the whole table.
> Step: init table outer spec.
> Step: parse table options.
> Step: split table.
> Step: init table inner spec.
> Step: parse table inner spec.
> Step: execute table commands.
> Step: calculate cell and line sizes.
> Step: build the whole table.
> Step: init table outer spec.
> Step: parse table options.
> Step: split table.
> Step: init table inner spec.
> Step: parse table inner spec.
> Step: execute table commands.
> Step: calculate cell and line sizes.
> Step: build the whole table.
 [198]
Underfull \hbox (badness 10000) detected at line 131
[][][]
 []


Underfull \hbox (badness 10000) detected at line 142
[][][]
 []


Underfull \hbox (badness 10000) detected at line 153
[][][]
 []


Underfull \hbox (badness 10000) detected at line 164
[][][]
 []


Underfull \hbox (badness 10000) detected at line 169
[][][]
 []

> Step: init table outer spec.
> Step: parse table options.
> Step: split table.
> Step: init table inner spec.
> Step: parse table inner spec.
> Step: execute table commands.
> Step: calculate cell and line sizes.
> Step: build the whole table.
> Step: init table outer spec.
> Step: parse table options.
> Step: split table.
> Step: init table inner spec.
> Step: parse table inner spec.
> Step: execute table commands.
> Step: calculate cell and line sizes.
> Step: build the whole table.
[199]
Underfull \hbox (badness 10000) detected at line 187
[][][]
 []

> Step: init table outer spec.
> Step: parse table options.
> Step: split table.
> Step: init table inner spec.
> Step: parse table inner spec.
> Step: execute table commands.
> Step: calculate cell and line sizes.
> Step: build the whole table.
> Step: init table outer spec.
> Step: parse table options.
> Step: split table.
> Step: init table inner spec.
> Step: parse table inner spec.
> Step: execute table commands.
> Step: calculate cell and line sizes.
> Step: build the whole table.

Underfull \hbox (badness 10000) detected at line 205
[][][]
 []

> Step: init table outer spec.
> Step: parse table options.
> Step: split table.
> Step: init table inner spec.
> Step: parse table inner spec.
> Step: execute table commands.
> Step: calculate cell and line sizes.
> Step: build the whole table.
> Step: init table outer spec.
> Step: parse table options.
> Step: split table.
> Step: init table inner spec.
> Step: parse table inner spec.
> Step: execute table commands.
> Step: calculate cell and line sizes.
> Step: build the whole table.

Underfull \hbox (badness 10000) detected at line 223
[][][]
 []


Underfull \hbox (badness 10000) detected at line 236
[][][]
 []

[200]
> Step: init table outer spec.
> Step: parse table options.
> Step: split table.
> Step: init table inner spec.
> Step: parse table inner spec.
> Step: execute table commands.
> Step: calculate cell and line sizes.
> Step: build the whole table.
> Step: init table outer spec.
> Step: parse table options.
> Step: split table.
> Step: init table inner spec.
> Step: parse table inner spec.
> Step: execute table commands.
> Step: calculate cell and line sizes.
> Step: build the whole table.

Underfull \hbox (badness 10000) detected at line 254
[][][]
 []

> Step: init table outer spec.
> Step: parse table options.
> Step: split table.
> Step: init table inner spec.
> Step: parse table inner spec.
> Step: execute table commands.
> Step: calculate cell and line sizes.
> Step: build the whole table.
> Step: init table outer spec.
> Step: parse table options.
> Step: split table.
> Step: init table inner spec.
> Step: parse table inner spec.
> Step: execute table commands.
> Step: calculate cell and line sizes.
> Step: build the whole table.

Underfull \hbox (badness 10000) detected at line 272
[][][]
 []

> Step: init table outer spec.
> Step: parse table options.
> Step: split table.
> Step: init table inner spec.
> Step: parse table inner spec.
> Step: execute table commands.
> Step: calculate cell and line sizes.
> Step: build the whole table.
> Step: init table outer spec.
> Step: parse table options.
> Step: split table.
> Step: init table inner spec.
> Step: parse table inner spec.
> Step: execute table commands.
> Step: calculate cell and line sizes.
> Step: build the whole table.
[201]
Underfull \hbox (badness 10000) detected at line 288
[][][]
 []

> Step: init table outer spec.
> Step: parse table options.
> Step: split table.
> Step: init table inner spec.
> Step: parse table inner spec.
> Step: execute table commands.
> Step: calculate cell and line sizes.
> Step: build the whole table.
> Step: init table outer spec.
> Step: parse table options.
> Step: split table.
> Step: init table inner spec.
> Step: parse table inner spec.
> Step: execute table commands.
> Step: calculate cell and line sizes.
> Step: build the whole table.

Underfull \hbox (badness 10000) detected at line 308
[][][]
 []

> Step: init table outer spec.
> Step: parse table options.
> Step: split table.
> Step: init table inner spec.
> Step: parse table inner spec.
> Step: execute table commands.
> Step: calculate cell and line sizes.
> Step: build the whole table.
> Step: init table outer spec.
> Step: parse table options.
> Step: split table.
> Step: init table inner spec.
> Step: parse table inner spec.
> Step: execute table commands.
> Step: calculate cell and line sizes.
> Step: build the whole table.

Underfull \hbox (badness 10000) detected at line 326
[][][]
 []

[202]
Underfull \hbox (badness 10000) detected at line 349
[][][]
 []


Underfull \hbox (badness 10000) detected at line 360
[][][]
 []


Underfull \hbox (badness 10000) detected at line 371
[][][]
 []

) (./classTrapezoidProfile.tex [203]
Underfull \hbox (badness 10000) detected at line 25
[][][]
 []


Underfull \hbox (badness 10000) detected at line 28
[][][]
 []

> Step: init table outer spec.
> Step: parse table options.
> Step: split table.
> Step: init table inner spec.
> Step: parse table inner spec.
> Step: execute table commands.
> Step: calculate cell and line sizes.
> Step: build the whole table.
> Step: init table outer spec.
> Step: parse table options.
> Step: split table.
> Step: init table inner spec.
> Step: parse table inner spec.
> Step: execute table commands.
> Step: calculate cell and line sizes.
> Step: build the whole table.
[204]
> Step: init table outer spec.
> Step: parse table options.
> Step: split table.
> Step: init table inner spec.
> Step: parse table inner spec.
> Step: execute table commands.
> Step: calculate cell and line sizes.
> Step: build the whole table.
> Step: init table outer spec.
> Step: parse table options.
> Step: split table.
> Step: init table inner spec.
> Step: parse table inner spec.
> Step: execute table commands.
> Step: calculate cell and line sizes.
> Step: build the whole table.

Underfull \hbox (badness 10000) detected at line 75
[][][]
 []

> Step: init table outer spec.
> Step: parse table options.
> Step: split table.
> Step: init table inner spec.
> Step: parse table inner spec.
> Step: execute table commands.
> Step: calculate cell and line sizes.
> Step: build the whole table.
> Step: init table outer spec.
> Step: parse table options.
> Step: split table.
> Step: init table inner spec.
> Step: parse table inner spec.
> Step: execute table commands.
> Step: calculate cell and line sizes.
> Step: build the whole table.

Underfull \hbox (badness 10000) detected at line 85
[][][]
 []


Underfull \hbox (badness 10000) detected at line 96
[][][]
 []

) (./classTurnDegreesCommand.tex [205]
> Step: init table outer spec.
> Step: parse table options.
> Step: split table.
> Step: init table inner spec.
> Step: parse table inner spec.
> Step: execute table commands.
> Step: calculate cell and line sizes.
> Step: build the whole table.
> Step: init table outer spec.
> Step: parse table options.
> Step: split table.
> Step: init table inner spec.
> Step: parse table inner spec.
> Step: execute table commands.
> Step: calculate cell and line sizes.
> Step: build the whole table.

Underfull \hbox (badness 10000) detected at line 60
[][][]
 []

[206]) (./classTurnToHeadingCommand.tex
Underfull \hbox (badness 1675) in paragraph at lines 10--12
[][] \T1/phv/m/n/10 ([] &drive[]_[]sys, [] &feed-back, dou-ble heading[]_[]deg,
 dou-ble
 []

> Step: init table outer spec.
> Step: parse table options.
> Step: split table.
> Step: init table inner spec.
> Step: parse table inner spec.
> Step: execute table commands.
> Step: calculate cell and line sizes.
> Step: build the whole table.
> Step: init table outer spec.
> Step: parse table options.
> Step: split table.
> Step: init table inner spec.
> Step: parse table inner spec.
> Step: execute table commands.
> Step: calculate cell and line sizes.
> Step: build the whole table.
[207]
Underfull \hbox (badness 10000) detected at line 60
[][][]
 []

) (./classTwist2d.tex [208]
> Step: init table outer spec.
> Step: parse table options.
> Step: split table.
> Step: init table inner spec.
> Step: parse table inner spec.
> Step: execute table commands.
> Step: calculate cell and line sizes.
> Step: build the whole table.
> Step: init table outer spec.
> Step: parse table options.
> Step: split table.
> Step: init table inner spec.
> Step: parse table inner spec.
> Step: execute table commands.
> Step: calculate cell and line sizes.
> Step: build the whole table.
> Step: init table outer spec.
> Step: parse table options.
> Step: split table.
> Step: init table inner spec.
> Step: parse table inner spec.
> Step: execute table commands.
> Step: calculate cell and line sizes.
> Step: build the whole table.
> Step: init table outer spec.
> Step: parse table options.
> Step: split table.
> Step: init table inner spec.
> Step: parse table inner spec.
> Step: execute table commands.
> Step: calculate cell and line sizes.
> Step: build the whole table.
 [209]
Underfull \hbox (badness 10000) detected at line 92
[][][]
 []


Underfull \hbox (badness 10000) detected at line 103
[][][]
 []


Underfull \hbox (badness 10000) detected at line 114
[][][]
 []

> Step: init table outer spec.
> Step: parse table options.
> Step: split table.
> Step: init table inner spec.
> Step: parse table inner spec.
> Step: execute table commands.
> Step: calculate cell and line sizes.
> Step: build the whole table.
> Step: init table outer spec.
> Step: parse table options.
> Step: split table.
> Step: init table inner spec.
> Step: parse table inner spec.
> Step: execute table commands.
> Step: calculate cell and line sizes.
> Step: build the whole table.
> Step: init table outer spec.
> Step: parse table options.
> Step: split table.
> Step: init table inner spec.
> Step: parse table inner spec.
> Step: execute table commands.
> Step: calculate cell and line sizes.
> Step: build the whole table.
> Step: init table outer spec.
> Step: parse table options.
> Step: split table.
> Step: init table inner spec.
> Step: parse table inner spec.
> Step: execute table commands.
> Step: calculate cell and line sizes.
> Step: build the whole table.
[210]
> Step: init table outer spec.
> Step: parse table options.
> Step: split table.
> Step: init table inner spec.
> Step: parse table inner spec.
> Step: execute table commands.
> Step: calculate cell and line sizes.
> Step: build the whole table.
> Step: init table outer spec.
> Step: parse table options.
> Step: split table.
> Step: init table inner spec.
> Step: parse table inner spec.
> Step: execute table commands.
> Step: calculate cell and line sizes.
> Step: build the whole table.

Underfull \hbox (badness 10000) detected at line 156
[][][]
 []

) (./classUnscentedKalmanFilter.tex [211]
Underfull \hbox (badness 1000) in paragraph at lines 57--58
[]\T1/phv/m/n/10 To read more about Kalman fil-ters and the stan-dard UKF read:
[] [][]\T1/pcr/m/n/10 https:[]/[]/[]github.[]com/[]rlabbe/[][]
 []

[212]
> Step: init table outer spec.
> Step: parse table options.
> Step: split table.
> Step: init table inner spec.
> Step: parse table inner spec.
> Step: execute table commands.
> Step: calculate cell and line sizes.
> Step: build the whole table.
> Step: init table outer spec.
> Step: parse table options.
> Step: split table.
> Step: init table inner spec.
> Step: parse table inner spec.
> Step: execute table commands.
> Step: calculate cell and line sizes.
> Step: build the whole table.
> Step: init table outer spec.
> Step: parse table options.
> Step: split table.
> Step: init table inner spec.
> Step: parse table inner spec.
> Step: execute table commands.
> Step: calculate cell and line sizes.


Package tabularray Warning: Table width is too small, need 58.51022pt more!

> Step: build the whole table.
> Step: init table outer spec.
> Step: parse table options.
> Step: split table.
> Step: init table inner spec.
> Step: parse table inner spec.
> Step: execute table commands.
> Step: calculate cell and line sizes.
> Step: build the whole table.

Underfull \hbox (badness 10000) in paragraph at lines 105--107
|  \T1/pcr/m/n/8 const std::[]function$\OML/cmm/m/it/8 <$ \T1/pcr/m/n/8 State[]
Vector(const EMat$\OML/cmm/m/it/8 <$ \T1/pcr/m/n/8 STATES, NUM[]_[][]SIGMAS $\O
ML/cmm/m/it/8 >$ \T1/pcr/m/n/8 &, const EVec$\OML/cmm/m/it/8 <$
 []


Underfull \hbox (badness 10000) in paragraph at lines 105--107
|  \T1/pcr/m/n/8 const std::[]function$\OML/cmm/m/it/8 <$ \T1/pcr/m/n/8 Output[
]Vector(const EMat$\OML/cmm/m/it/8 <$ \T1/pcr/m/n/8 OUTPUTS, NUM[]_[][]SIGMAS $
\OML/cmm/m/it/8 >$ \T1/pcr/m/n/8 &, const
 []


Underfull \hbox (badness 10000) in paragraph at lines 105--107
|  \T1/pcr/m/n/8 const std::[]function$\OML/cmm/m/it/8 <$ \T1/pcr/m/n/8 State[]
Vector(const State[]Vector &, const State[]Vector &)$\OML/cmm/m/it/8 >$ \T1/pcr
/m/n/8 &
 []


Underfull \hbox (badness 10000) in paragraph at lines 105--107
|  \T1/pcr/m/n/8 const std::[]function$\OML/cmm/m/it/8 <$ \T1/pcr/m/n/8 Output[
]Vector(const Output[]Vector &, const Output[]Vector &)$\OML/cmm/m/it/8 >$ \T1/
pcr/m/n/8 &
 []


Underfull \hbox (badness 10000) in paragraph at lines 105--107
|  \T1/pcr/m/n/8 const std::[]function$\OML/cmm/m/it/8 <$ \T1/pcr/m/n/8 State[]
Vector(const State[]Vector &, const State[]Vector &)$\OML/cmm/m/it/8 >$ \T1/pcr
/m/n/8 &
 []

[213]
> Step: init table outer spec.
> Step: parse table options.
> Step: split table.
> Step: init table inner spec.
> Step: parse table inner spec.
> Step: execute table commands.
> Step: calculate cell and line sizes.


Package tabularray Warning: Table width is too small, need 182.20427pt more!

> Step: build the whole table.
> Step: init table outer spec.
> Step: parse table options.
> Step: split table.
> Step: init table inner spec.
> Step: parse table inner spec.
> Step: execute table commands.
> Step: calculate cell and line sizes.
> Step: build the whole table.

Underfull \hbox (badness 10000) in paragraph at lines 142--145
|  \T1/pcr/m/n/8 const std::[]function$\OML/cmm/m/it/8 <$ \T1/pcr/m/n/8 EVec$\O
ML/cmm/m/it/8 <$ \T1/pcr/m/n/8 ROWS $\OML/cmm/m/it/8 >$\T1/pcr/m/n/8 (const Sta
te[]Vector &, const Input[]Vector &)$\OML/cmm/m/it/8 >$ \T1/pcr/m/n/8 &
 []

[214]
> Step: init table outer spec.
> Step: parse table options.
> Step: split table.
> Step: init table inner spec.
> Step: parse table inner spec.
> Step: execute table commands.
> Step: calculate cell and line sizes.


Package tabularray Warning: Table width is too small, need 31.06126pt more!

> Step: build the whole table.
> Step: init table outer spec.
> Step: parse table options.
> Step: split table.
> Step: init table inner spec.
> Step: parse table inner spec.
> Step: execute table commands.
> Step: calculate cell and line sizes.
> Step: build the whole table.

Underfull \hbox (badness 10000) in paragraph at lines 163--166
|  \T1/pcr/m/n/8 const std::[]function$\OML/cmm/m/it/8 <$ \T1/pcr/m/n/8 EVec$\O
ML/cmm/m/it/8 <$ \T1/pcr/m/n/8 ROWS $\OML/cmm/m/it/8 >$\T1/pcr/m/n/8 (const Sta
te[]Vector &, const Input[]Vector &)$\OML/cmm/m/it/8 >$ \T1/pcr/m/n/8 &
 []


Underfull \hbox (badness 10000) in paragraph at lines 163--166
|  \T1/pcr/m/n/8 const std::[]function$\OML/cmm/m/it/8 <$ \T1/pcr/m/n/8 EVec$\O
ML/cmm/m/it/8 <$ \T1/pcr/m/n/8 ROWS $\OML/cmm/m/it/8 >$\T1/pcr/m/n/8 (const EMa
t$\OML/cmm/m/it/8 <$ \T1/pcr/m/n/8 ROWS, NUM[]_[][]SIGMAS $\OML/cmm/m/it/8 >$ \
T1/pcr/m/n/8 &, const EVec$\OML/cmm/m/it/8 <$
 []


Underfull \hbox (badness 10000) in paragraph at lines 163--166
|  \T1/pcr/m/n/8 const std::[]function$\OML/cmm/m/it/8 <$ \T1/pcr/m/n/8 EVec$\O
ML/cmm/m/it/8 <$ \T1/pcr/m/n/8 ROWS $\OML/cmm/m/it/8 >$\T1/pcr/m/n/8 (const EVe
c$\OML/cmm/m/it/8 <$ \T1/pcr/m/n/8 ROWS $\OML/cmm/m/it/8 >$ \T1/pcr/m/n/8 &, co
nst EVec$\OML/cmm/m/it/8 <$ \T1/pcr/m/n/8 ROWS $\OML/cmm/m/it/8 >$ \T1/pcr/m/n/
8 &)$\OML/cmm/m/it/8 >$
 []


Underfull \hbox (badness 10000) in paragraph at lines 163--166
|  \T1/pcr/m/n/8 const std::[]function$\OML/cmm/m/it/8 <$ \T1/pcr/m/n/8 State[]
Vector(const State[]Vector &, const State[]Vector &)$\OML/cmm/m/it/8 >$ \T1/pcr
/m/n/8 &
 []


Underfull \hbox (badness 10000) in paragraph at lines 163--166
|  \T1/pcr/m/n/8 const std::[]function$\OML/cmm/m/it/8 <$ \T1/pcr/m/n/8 State[]
Vector(const State[]Vector &, const State[]Vector &)$\OML/cmm/m/it/8 >$ \T1/pcr
/m/n/8 &
 []

> Step: init table outer spec.
> Step: parse table options.
> Step: split table.
> Step: init table inner spec.
> Step: parse table inner spec.
> Step: execute table commands.
> Step: calculate cell and line sizes.

Package tabularray Warning: Table width is too small, need 182.20427pt more!

> Step: build the whole table.
> Step: init table outer spec.
> Step: parse table options.
> Step: split table.
> Step: init table inner spec.
> Step: parse table inner spec.
> Step: execute table commands.
> Step: calculate cell and line sizes.
> Step: build the whole table.
[215]
> Step: init table outer spec.
> Step: parse table options.
> Step: split table.
> Step: init table inner spec.
> Step: parse table inner spec.
> Step: execute table commands.
> Step: calculate cell and line sizes.
> Step: build the whole table.
> Step: init table outer spec.
> Step: parse table options.
> Step: split table.
> Step: init table inner spec.
> Step: parse table inner spec.
> Step: execute table commands.
> Step: calculate cell and line sizes.
> Step: build the whole table.
> Step: init table outer spec.
> Step: parse table options.
> Step: split table.
> Step: init table inner spec.
> Step: parse table inner spec.
> Step: execute table commands.
> Step: calculate cell and line sizes.


Package tabularray Warning: Table width is too small, need 11.02808pt more!

> Step: build the whole table.
> Step: init table outer spec.
> Step: parse table options.
> Step: split table.
> Step: init table inner spec.
> Step: parse table inner spec.
> Step: execute table commands.
> Step: calculate cell and line sizes.
> Step: build the whole table.
> Step: init table outer spec.
> Step: parse table options.
> Step: split table.
> Step: init table inner spec.
> Step: parse table inner spec.
> Step: execute table commands.
> Step: calculate cell and line sizes.
> Step: build the whole table.
> Step: init table outer spec.
> Step: parse table options.
> Step: split table.
> Step: init table inner spec.
> Step: parse table inner spec.
> Step: execute table commands.
> Step: calculate cell and line sizes.
> Step: build the whole table.
[216]
> Step: init table outer spec.
> Step: parse table options.
> Step: split table.
> Step: init table inner spec.
> Step: parse table inner spec.
> Step: execute table commands.
> Step: calculate cell and line sizes.
> Step: build the whole table.
> Step: init table outer spec.
> Step: parse table options.
> Step: split table.
> Step: init table inner spec.
> Step: parse table inner spec.
> Step: execute table commands.
> Step: calculate cell and line sizes.
> Step: build the whole table.
> Step: init table outer spec.
> Step: parse table options.
> Step: split table.
> Step: init table inner spec.
> Step: parse table inner spec.
> Step: execute table commands.
> Step: calculate cell and line sizes.
> Step: build the whole table.
> Step: init table outer spec.
> Step: parse table options.
> Step: split table.
> Step: init table inner spec.
> Step: parse table inner spec.
> Step: execute table commands.
> Step: calculate cell and line sizes.
> Step: build the whole table.
 [217]
> Step: init table outer spec.
> Step: parse table options.
> Step: split table.
> Step: init table inner spec.
> Step: parse table inner spec.
> Step: execute table commands.
> Step: calculate cell and line sizes.
> Step: build the whole table.
> Step: init table outer spec.
> Step: parse table options.
> Step: split table.
> Step: init table inner spec.
> Step: parse table inner spec.
> Step: execute table commands.
> Step: calculate cell and line sizes.
> Step: build the whole table.
> Step: init table outer spec.
> Step: parse table options.
> Step: split table.
> Step: init table inner spec.
> Step: parse table inner spec.
> Step: execute table commands.
> Step: calculate cell and line sizes.
> Step: build the whole table.
> Step: init table outer spec.
> Step: parse table options.
> Step: split table.
> Step: init table inner spec.
> Step: parse table inner spec.
> Step: execute table commands.
> Step: calculate cell and line sizes.
> Step: build the whole table.
> Step: init table outer spec.
> Step: parse table options.
> Step: split table.
> Step: init table inner spec.
> Step: parse table inner spec.
> Step: execute table commands.
> Step: calculate cell and line sizes.
> Step: build the whole table.
> Step: init table outer spec.
> Step: parse table options.
> Step: split table.
> Step: init table inner spec.
> Step: parse table inner spec.
> Step: execute table commands.
> Step: calculate cell and line sizes.
> Step: build the whole table.
 [218]) (./classVDP_1_1UpcastNumbersVisitor.tex
Package epstopdf Info: Source file: <classVDP_1_1UpcastNumbersVisitor.eps>
(epstopdf)                    date: 2026-07-23 23:44:36
(epstopdf)                    size: 3816 bytes
(epstopdf)             Output file: <classVDP_1_1UpcastNumbersVisitor-eps-conve
rted-to.pdf>
(epstopdf)                    date: 2026-07-23 23:46:27
(epstopdf)                    size: 5611 bytes
(epstopdf)             Command: <repstopdf --outfile=classVDP_1_1UpcastNumbersV
isitor-eps-converted-to.pdf classVDP_1_1UpcastNumbersVisitor.eps>
(epstopdf)             \includegraphics on input line 10.
Package epstopdf Info: Output file is already uptodate.
 <./classVDP_1_1UpcastNumbersVisitor-eps-converted-to.pdf>
<classVDP_1_1UpcastNumbersVisitor-eps-converted-to.pdf, id=8677, 501.875pt x 22
8.12227pt>
File: classVDP_1_1UpcastNumbersVisitor-eps-converted-to.pdf Graphic file (type 
pdf)
<use classVDP_1_1UpcastNumbersVisitor-eps-converted-to.pdf>
Package pdftex.def Info: classVDP_1_1UpcastNumbersVisitor-eps-converted-to.pdf 
 used on input line 10.
(pdftex.def)             Requested size: 125.19275pt x 56.9055pt.
) (./classVDP_1_1Visitor.tex
Package epstopdf Info: Source file: <classVDP_1_1Visitor.eps>
(epstopdf)                    date: 2026-07-23 23:44:36
(epstopdf)                    size: 3957 bytes
(epstopdf)             Output file: <classVDP_1_1Visitor-eps-converted-to.pdf>
(epstopdf)                    date: 2026-07-23 23:46:27
(epstopdf)                    size: 6058 bytes
(epstopdf)             Command: <repstopdf --outfile=classVDP_1_1Visitor-eps-co
nverted-to.pdf classVDP_1_1Visitor.eps>
(epstopdf)             \includegraphics on input line 10.
Package epstopdf Info: Output file is already uptodate.
 <./classVDP_1_1Visitor-eps-converted-to.pdf>
<classVDP_1_1Visitor-eps-converted-to.pdf, id=8683, 501.875pt x 114.06615pt>
File: classVDP_1_1Visitor-eps-converted-to.pdf Graphic file (type pdf)
<use classVDP_1_1Visitor-eps-converted-to.pdf>
Package pdftex.def Info: classVDP_1_1Visitor-eps-converted-to.pdf  used on inpu
t line 10.
(pdftex.def)             Requested size: 250.37784pt x 56.9055pt.
) (./classWaitUntilCondition.tex [219])
(./classWaitUntilUpToSpeedCommand.tex
> Step: init table outer spec.
> Step: parse table options.
> Step: split table.
> Step: init table inner spec.
> Step: parse table inner spec.
> Step: execute table commands.
> Step: calculate cell and line sizes.
> Step: build the whole table.
> Step: init table outer spec.
> Step: parse table options.
> Step: split table.
> Step: init table inner spec.
> Step: parse table inner spec.
> Step: execute table commands.
> Step: calculate cell and line sizes.
> Step: build the whole table.

Underfull \hbox (badness 10000) detected at line 46
[][][]
 []

) [220] (./refman.ind
Underfull \hbox (badness 5260) in paragraph at lines 77--79
[]| \T1/phv/m/n/10 LinearPlantInversionFeedforward$\OML/cmm/m/it/10 <$ \T1/phv/
m/n/10 STATES, IN-
 []

[221


] [222] [223]
Underfull \hbox (badness 5260) in paragraph at lines 419--421
[]| \T1/phv/m/n/10 LinearPlantInversionFeedforward$\OML/cmm/m/it/10 <$ \T1/phv/
m/n/10 STATES, IN-
 []


Underfull \hbox (badness 3965) in paragraph at lines 421--423
[]\T1/phv/m/n/10 LinearPlantInversionFeedforward$\OML/cmm/m/it/10 <$ \T1/phv/m/
n/10 STATES, IN-PUTS
 []

[224] [225]
Underfull \hbox (badness 5260) in paragraph at lines 727--729
[]| \T1/phv/m/n/10 LinearPlantInversionFeedforward$\OML/cmm/m/it/10 <$ \T1/phv/
m/n/10 STATES, IN-
 []

[226] [227]
Underfull \hbox (badness 5260) in paragraph at lines 892--894
[]| \T1/phv/m/n/10 LinearPlantInversionFeedforward$\OML/cmm/m/it/10 <$ \T1/phv/
m/n/10 STATES, IN-
 []

[228] [229] [230] [231]) (./refman.aux)
 ***********
LaTeX2e <2023-11-01> patch level 1
L3 programming layer <2024-01-22>
 ***********
Package rerunfilecheck Info: File `refman.out' has not changed.
(rerunfilecheck)             Checksum: C6CBC43107C1371DD930A513B0EFB71A;95768.
 ) 
Here is how much of TeX's memory you used:
 27054 strings out of 476182
 551462 string characters out of 5795595
 1964975 words of memory out of 5000000
 46074 multiletter control sequences out of 15000+600000
 1244259 words of font info for 2006 fonts, out of 8000000 for 9000
 14 hyphenation exceptions out of 8191
 101i,16n,122p,1683b,1029s stack positions out of 10000i,1000n,20000p,200000b,200000s

pdfTeX warning (dest): name{flywheel__commands_8h_source} has been referenced b
ut does not exist, replaced by a fixed one


pdfTeX warning (dest): name{trapezoid__profile_8h_source} has been referenced b
ut does not exist, replaced by a fixed one


pdfTeX warning (dest): name{feedforward_8h_source} has been referenced but does
 not exist, replaced by a fixed one


pdfTeX warning (dest): name{pid_8h_source} has been referenced but does not exi
st, replaced by a fixed one


pdfTeX warning (dest): name{drive__commands_8h_source} has been referenced but 
does not exist, replaced by a fixed one


pdfTeX warning (dest): name{delay__command_8h_source} has been referenced but d
oes not exist, replaced by a fixed one


pdfTeX warning (dest): name{auto__command_8h_source} has been referenced but do
es not exist, replaced by a fixed one


pdfTeX warning (dest): name{command__controller_8h_source} has been referenced 
but does not exist, replaced by a fixed one

</usr/share/texlive/texmf-dist/fonts/type1/public/amsfonts/cm/cmmi10.pfb></usr/
share/texlive/texmf-dist/fonts/type1/public/amsfonts/cm/cmmi12.pfb></usr/share/
texlive/texmf-dist/fonts/type1/public/amsfonts/cm/cmmi7.pfb></usr/share/texlive
/texmf-dist/fonts/type1/public/amsfonts/cm/cmmi8.pfb></usr/share/texlive/texmf-
dist/fonts/type1/public/amsfonts/cm/cmr10.pfb></usr/share/texlive/texmf-dist/fo
nts/type1/public/amsfonts/cm/cmsy10.pfb></usr/share/texlive/texmf-dist/fonts/ty
pe1/public/amsfonts/cm/cmsy7.pfb></usr/share/texlive/texmf-dist/fonts/type1/pub
lic/amsfonts/cm/cmsy8.pfb></usr/share/texlive/texmf-dist/fonts/type1/public/ams
fonts/cm/cmsy9.pfb></usr/share/texlive/texmf-dist/fonts/type1/urw/courier/ucrb8
a.pfb></usr/share/texlive/texmf-dist/fonts/type1/urw/courier/ucrr8a.pfb></usr/s
hare/texlive/texmf-dist/fonts/type1/urw/courier/ucrro8a.pfb></usr/share/texlive
/texmf-dist/fonts/type1/urw/helvetic/uhvb8a.pfb></usr/share/texlive/texmf-dist/
fonts/type1/urw/helvetic/uhvb8ac.pfb></usr/share/texlive/texmf-dist/fonts/type1
/urw/helvetic/uhvr8a.pfb></usr/share/texlive/texmf-dist/fonts/type1/urw/helveti
c/uhvro8a.pfb>
Output written on refman.pdf (240 pages, 853642 bytes).
PDF statistics:
 10311 PDF objects out of 10688 (max. 8388607)
 7989 compressed objects within 80 object streams
 2423 named destinations out of 2487 (max. 500000)
 3179 words of extra memory for PDF output out of 10000 (max. 10000000)

